0b11001000111011101110100010011011,8000,9.678596036699596e-18,8.84081511345167e-18
0b11001000111011101110100010011011,4000,5.254711589797613e-18,4.724599427945087e-18
0b11001000111011101110100010011011,2000,3.3972855105469923e-18,2.9818165976121287e-18
0b11001000111011101110100010011011,1000,2.5871474145439394e-18,2.21852132526844e-18
0b11001000111011101110100010011011,500,2.207877741009824e-18,1.8605539968735837e-18
0b11001000111011101110100010011011,400,2.1292742692384356e-18,1.7860238247284903e-18
0b11001000111011101110100010011011,320,2.0627283237187722e-18,1.7227080366216696e-18
0b11001000111011101110100010011011,200,1.9551826567069568e-18,1.6199717257370113e-18
0b11001000111011101110100010011011,100,1.8628248748243577e-18,1.5316185959122914e-18
0b10010011001001010001011010011100,8000,9.678596036699596e-18,8.84081511345167e-18
0b10010011001001010001011010011100,4000,5.254711589797613e-18,4.724599427945087e-18
0b10010011001001010001011010011100,2000,3.3972855105469923e-18,2.9818165976121287e-18
0b10010011001001010001011010011100,1000,2.5871474145439394e-18,2.21852132526844e-18
0b10010011001001010001011010011100,500,2.207877741009824e-18,1.8605539968735837e-18
0b10010011001001010001011010011100,400,2.1292742692384356e-18,1.7860238247284903e-18
0b10010011001001010001011010011100,320,2.0627283237187722e-18,1.7227080366216696e-18
0b10010011001001010001011010011100,200,1.9551826567069568e-18,1.6199717257370113e-18
0b10010011001001010001011010011100,100,1.8628248748243577e-18,1.5316185959122914e-18
0b01100000001100011101111111111011,8000,9.527096709266936e-18,8.690277690103467e-18
0b01100000001100011101111111111011,4000,5.074483263186928e-18,4.544826741282244e-18
0b01100000001100011101111111111011,2000,3.249123411286474e-18,2.833876827475483e-18
0b01100000001100011101111111111011,1000,2.4540383038504157e-18,2.0856127907138892e-18
0b01100000001100011101111111111011,500,2.0718363749164252e-18,1.7246888118403693e-18
0b01100000001100011101111111111011,400,1.9911337044580132e-18,1.6480396087291415e-18
0b01100000001100011101111111111011,320,1.9242553940079886e-18,1.5843807459344616e-18
0b01100000001100011101111111111011,200,1.8176279584277672e-18,1.4825423872966697e-18
0b01100000001100011101111111111011,100,1.7181386030046482e-18,1.387080308882808e-18
0b10011010110001001110010010000000,8000,9.678596036699596e-18,8.84081511345167e-18
0b10011010110001001110010010000000,4000,5.254711589797613e-18,4.724599427945087e-18
0b10011010110001001110010010000000,2000,3.3972855105469923e-18,2.9818165976121287e-18
0b10011010110001001110010010000000,1000,2.5871474145439394e-18,2.21852132526844e-18
0b10011010110001001110010010000000,500,2.207877741009824e-18,1.8605539968735837e-18
0b10011010110001001110010010000000,400,2.1292742692384356e-18,1.7860238247284903e-18
0b10011010110001001110010010000000,320,2.0627283237187722e-18,1.7227080366216696e-18
0b10011010110001001110010010000000,200,1.9551826567069568e-18,1.6199717257370113e-18
0b10011010110001001110010010000000,100,1.8628248748243577e-18,1.5316185959122914e-18
0b00001100101100111100111110000001,8000,9.527096709266936e-18,8.690277690103467e-18
0b00001100101100111100111110000001,4000,5.074483263186928e-18,4.544826741282244e-18
0b00001100101100111100111110000001,2000,3.249123411286474e-18,2.833876827475483e-18
0b00001100101100111100111110000001,1000,2.4540383038504157e-18,2.0856127907138892e-18
0b00001100101100111100111110000001,500,2.0718363749164252e-18,1.7246888118403693e-18
0b00001100101100111100111110000001,400,1.9911337044580132e-18,1.6480396087291415e-18
0b00001100101100111100111110000001,320,1.9242553940079886e-18,1.5843807459344616e-18
0b00001100101100111100111110000001,200,1.8176279584277672e-18,1.4825423872966697e-18
0b00001100101100111100111110000001,100,1.7181386030046482e-18,1.387080308882808e-18
0b00110011001000111011010100100101,8000,9.527096709266936e-18,8.690277690103467e-18
0b00110011001000111011010100100101,4000,5.074483263186928e-18,4.544826741282244e-18
0b00110011001000111011010100100101,2000,3.249123411286474e-18,2.833876827475483e-18
0b00110011001000111011010100100101,1000,2.4540383038504157e-18,2.0856127907138892e-18
0b00110011001000111011010100100101,500,2.0718363749164252e-18,1.7246888118403693e-18
0b00110011001000111011010100100101,400,1.9911337044580132e-18,1.6480396087291415e-18
0b00110011001000111011010100100101,320,1.9242553940079886e-18,1.5843807459344616e-18
0b00110011001000111011010100100101,200,1.8176279584277672e-18,1.4825423872966697e-18
0b00110011001000111011010100100101,100,1.7181386030046482e-18,1.387080308882808e-18
0b01000011000101101110001011000110,8000,9.527096709266936e-18,8.690277690103467e-18
0b01000011000101101110001011000110,4000,5.074483263186928e-18,4.544826741282244e-18
0b01000011000101101110001011000110,2000,3.249123411286474e-18,2.833876827475483e-18
0b01000011000101101110001011000110,1000,2.4540383038504157e-18,2.0856127907138892e-18
0b01000011000101101110001011000110,500,2.0718363749164252e-18,1.7246888118403693e-18
0b01000011000101101110001011000110,400,1.9911337044580132e-18,1.6480396087291415e-18
0b01000011000101101110001011000110,320,1.9242553940079886e-18,1.5843807459344616e-18
0b01000011000101101110001011000110,200,1.8176279584277672e-18,1.4825423872966697e-18
0b01000011000101101110001011000110,100,1.7181386030046482e-18,1.387080308882808e-18
0b01001010011001100101001110101010,8000,9.527096709266936e-18,8.690277690103467e-18
0b01001010011001100101001110101010,4000,5.074483263186928e-18,4.544826741282244e-18
0b01001010011001100101001110101010,2000,3.249123411286474e-18,2.833876827475483e-18
0b01001010011001100101001110101010,1000,2.4540383038504157e-18,2.0856127907138892e-18
0b01001010011001100101001110101010,500,2.0718363749164252e-18,1.7246888118403693e-18
0b01001010011001100101001110101010,400,1.9911337044580132e-18,1.6480396087291415e-18
0b01001010011001100101001110101010,320,1.9242553940079886e-18,1.5843807459344616e-18
0b01001010011001100101001110101010,200,1.8176279584277672e-18,1.4825423872966697e-18
0b01001010011001100101001110101010,100,1.7181386030046482e-18,1.387080308882808e-18
0b00110010111001010001000010111110,8000,9.527096709266936e-18,8.690277690103467e-18
0b00110010111001010001000010111110,4000,5.074483263186928e-18,4.544826741282244e-18
0b00110010111001010001000010111110,2000,3.249123411286474e-18,2.833876827475483e-18
0b00110010111001010001000010111110,1000,2.4540383038504157e-18,2.0856127907138892e-18
0b00110010111001010001000010111110,500,2.0718363749164252e-18,1.7246888118403693e-18
0b00110010111001010001000010111110,400,1.9911337044580132e-18,1.6480396087291415e-18
0b00110010111001010001000010111110,320,1.9242553940079886e-18,1.5843807459344616e-18
0b00110010111001010001000010111110,200,1.8176279584277672e-18,1.4825423872966697e-18
0b00110010111001010001000010111110,100,1.7181386030046482e-18,1.387080308882808e-18
0b01011001101011111010010111111001,8000,9.527096709266936e-18,8.690277690103467e-18
0b01011001101011111010010111111001,4000,5.074483263186928e-18,4.544826741282244e-18
0b01011001101011111010010111111001,2000,3.249123411286474e-18,2.833876827475483e-18
0b01011001101011111010010111111001,1000,2.4540383038504157e-18,2.0856127907138892e-18
0b01011001101011111010010111111001,500,2.0718363749164252e-18,1.7246888118403693e-18
0b01011001101011111010010111111001,400,1.9911337044580132e-18,1.6480396087291415e-18
0b01011001101011111010010111111001,320,1.9242553940079886e-18,1.5843807459344616e-18
0b01011001101011111010010111111001,200,1.8176279584277672e-18,1.4825423872966697e-18
0b01011001101011111010010111111001,100,1.7181386030046482e-18,1.387080308882808e-18
0b00011101111111110101110011001111,8000,9.527096709266936e-18,8.690277690103467e-18
0b00011101111111110101110011001111,4000,5.074483263186928e-18,4.544826741282244e-18
0b00011101111111110101110011001111,2000,3.249123411286474e-18,2.833876827475483e-18
0b00011101111111110101110011001111,1000,2.4540383038504157e-18,2.0856127907138892e-18
0b00011101111111110101110011001111,500,2.0718363749164252e-18,1.7246888118403693e-18
0b00011101111111110101110011001111,400,1.9911337044580132e-18,1.6480396087291415e-18
0b00011101111111110101110011001111,320,1.9242553940079886e-18,1.5843807459344616e-18
0b00011101111111110101110011001111,200,1.8176279584277672e-18,1.4825423872966697e-18
0b00011101111111110101110011001111,100,1.7181386030046482e-18,1.387080308882808e-18
0b11111111000000111111001010010100,8000,9.678596036699596e-18,8.84081511345167e-18
0b11111111000000111111001010010100,4000,5.254711589797613e-18,4.724599427945087e-18
0b11111111000000111111001010010100,2000,3.3972855105469923e-18,2.9818165976121287e-18
0b11111111000000111111001010010100,1000,2.5871474145439394e-18,2.21852132526844e-18
0b11111111000000111111001010010100,500,2.207877741009824e-18,1.8605539968735837e-18
0b11111111000000111111001010010100,400,2.1292742692384356e-18,1.7860238247284903e-18
0b11111111000000111111001010010100,320,2.0627283237187722e-18,1.7227080366216696e-18
0b11111111000000111111001010010100,200,1.9551826567069568e-18,1.6199717257370113e-18
0b11111111000000111111001010010100,100,1.8628248748243577e-18,1.5316185959122914e-18
0b00000000000111000010010111010111,8000,9.527096709266936e-18,8.690277690103467e-18
0b00000000000111000010010111010111,4000,5.074483263186928e-18,4.544826741282244e-18
0b00000000000111000010010111010111,2000,3.249123411286474e-18,2.833876827475483e-18
0b00000000000111000010010111010111,1000,2.4540383038504157e-18,2.0856127907138892e-18
0b00000000000111000010010111010111,500,2.0718363749164252e-18,1.7246888118403693e-18
0b00000000000111000010010111010111,400,1.9911337044580132e-18,1.6480396087291415e-18
0b00000000000111000010010111010111,320,1.9242553940079886e-18,1.5843807459344616e-18
0b00000000000111000010010111010111,200,1.8176279584277672e-18,1.4825423872966697e-18
0b00000000000111000010010111010111,100,1.7181386030046482e-18,1.387080308882808e-18
0b10011001001001111010100100000101,8000,9.678596036699596e-18,8.84081511345167e-18
0b10011001001001111010100100000101,4000,5.254711589797613e-18,4.724599427945087e-18
0b10011001001001111010100100000101,2000,3.3972855105469923e-18,2.9818165976121287e-18
0b10011001001001111010100100000101,1000,2.5871474145439394e-18,2.21852132526844e-18
0b10011001001001111010100100000101,500,2.207877741009824e-18,1.8605539968735837e-18
0b10011001001001111010100100000101,400,2.1292742692384356e-18,1.7860238247284903e-18
0b10011001001001111010100100000101,320,2.0627283237187722e-18,1.7227080366216696e-18
0b10011001001001111010100100000101,200,1.9551826567069568e-18,1.6199717257370113e-18
0b10011001001001111010100100000101,100,1.8628248748243577e-18,1.5316185959122914e-18
0b11110101010000010010000010101110,8000,9.678596036699596e-18,8.84081511345167e-18
0b11110101010000010010000010101110,4000,5.254711589797613e-18,4.724599427945087e-18
0b11110101010000010010000010101110,2000,3.3972855105469923e-18,2.9818165976121287e-18
0b11110101010000010010000010101110,1000,2.5871474145439394e-18,2.21852132526844e-18
0b11110101010000010010000010101110,500,2.207877741009824e-18,1.8605539968735837e-18
0b11110101010000010010000010101110,400,2.1292742692384356e-18,1.7860238247284903e-18
0b11110101010000010010000010101110,320,2.0627283237187722e-18,1.7227080366216696e-18
0b11110101010000010010000010101110,200,1.9551826567069568e-18,1.6199717257370113e-18
0b11110101010000010010000010101110,100,1.8628248748243577e-18,1.5316185959122914e-18
0b10000111100011101001111000111101,8000,9.678596036699596e-18,8.84081511345167e-18
0b10000111100011101001111000111101,4000,5.254711589797613e-18,4.724599427945087e-18
0b10000111100011101001111000111101,2000,3.3972855105469923e-18,2.9818165976121287e-18
0b10000111100011101001111000111101,1000,2.5871474145439394e-18,2.21852132526844e-18
0b10000111100011101001111000111101,500,2.207877741009824e-18,1.8605539968735837e-18
0b10000111100011101001111000111101,400,2.1292742692384356e-18,1.7860238247284903e-18
0b10000111100011101001111000111101,320,2.0627283237187722e-18,1.7227080366216696e-18
0b10000111100011101001111000111101,200,1.9551826567069568e-18,1.6199717257370113e-18
0b10000111100011101001111000111101,100,1.8628248748243577e-18,1.5316185959122914e-18
0b00100010111011111100001100010000,8000,9.527096709266936e-18,8.690277690103467e-18
0b00100010111011111100001100010000,4000,5.074483263186928e-18,4.544826741282244e-18
0b00100010111011111100001100010000,2000,3.249123411286474e-18,2.833876827475483e-18
0b00100010111011111100001100010000,1000,2.4540383038504157e-18,2.0856127907138892e-18
0b00100010111011111100001100010000,500,2.0718363749164252e-18,1.7246888118403693e-18
0b00100010111011111100001100010000,400,1.9911337044580132e-18,1.6480396087291415e-18
0b00100010111011111100001100010000,320,1.9242553940079886e-18,1.5843807459344616e-18
0b00100010111011111100001100010000,200,1.8176279584277672e-18,1.4825423872966697e-18
0b00100010111011111100001100010000,100,1.7181386030046482e-18,1.387080308882808e-18
0b01010100101111000000101101101100,8000,9.527096709266936e-18,8.690277690103467e-18
0b01010100101111000000101101101100,4000,5.074483263186928e-18,4.544826741282244e-18
0b01010100101111000000101101101100,2000,3.249123411286474e-18,2.833876827475483e-18
0b01010100101111000000101101101100,1000,2.4540383038504157e-18,2.0856127907138892e-18
0b01010100101111000000101101101100,500,2.0718363749164252e-18,1.7246888118403693e-18
0b01010100101111000000101101101100,400,1.9911337044580132e-18,1.6480396087291415e-18
0b01010100101111000000101101101100,320,1.9242553940079886e-18,1.5843807459344616e-18
0b01010100101111000000101101101100,200,1.8176279584277672e-18,1.4825423872966697e-18
0b01010100101111000000101101101100,100,1.7181386030046482e-18,1.387080308882808e-18
0b11101000010011101001011011010011,8000,9.678596036699596e-18,8.84081511345167e-18
0b11101000010011101001011011010011,4000,5.254711589797613e-18,4.724599427945087e-18
0b11101000010011101001011011010011,2000,3.3972855105469923e-18,2.9818165976121287e-18
0b11101000010011101001011011010011,1000,2.5871474145439394e-18,2.21852132526844e-18
0b11101000010011101001011011010011,500,2.207877741009824e-18,1.8605539968735837e-18
0b11101000010011101001011011010011,400,2.1292742692384356e-18,1.7860238247284903e-18
0b11101000010011101001011011010011,320,2.0627283237187722e-18,1.7227080366216696e-18
0b11101000010011101001011011010011,200,1.9551826567069568e-18,1.6199717257370113e-18
0b11101000010011101001011011010011,100,1.8628248748243577e-18,1.5316185959122914e-18
0b11011100111101011000011100010101,8000,9.678596036699596e-18,8.84081511345167e-18
0b11011100111101011000011100010101,4000,5.254711589797613e-18,4.724599427945087e-18
0b11011100111101011000011100010101,2000,3.3972855105469923e-18,2.9818165976121287e-18
0b11011100111101011000011100010101,1000,2.5871474145439394e-18,2.21852132526844e-18
0b11011100111101011000011100010101,500,2.207877741009824e-18,1.8605539968735837e-18
0b11011100111101011000011100010101,400,2.1292742692384356e-18,1.7860238247284903e-18
0b11011100111101011000011100010101,320,2.0627283237187722e-18,1.7227080366216696e-18
0b11011100111101011000011100010101,200,1.9551826567069568e-18,1.6199717257370113e-18
0b11011100111101011000011100010101,100,1.8628248748243577e-18,1.5316185959122914e-18
0b01101010101111011110110101010110,8000,9.527096709266936e-18,8.690277690103467e-18
0b01101010101111011110110101010110,4000,5.074483263186928e-18,4.544826741282244e-18
0b01101010101111011110110101010110,2000,3.249123411286474e-18,2.833876827475483e-18
0b01101010101111011110110101010110,1000,2.4540383038504157e-18,2.0856127907138892e-18
0b01101010101111011110110101010110,500,2.0718363749164252e-18,1.7246888118403693e-18
0b01101010101111011110110101010110,400,1.9911337044580132e-18,1.6480396087291415e-18
0b01101010101111011110110101010110,320,1.9242553940079886e-18,1.5843807459344616e-18
0b01101010101111011110110101010110,200,1.8176279584277672e-18,1.4825423872966697e-18
0b01101010101111011110110101010110,100,1.7181386030046482e-18,1.387080308882808e-18
0b00010100011011000011101011011110,8000,9.527096709266936e-18,8.690277690103467e-18
0b00010100011011000011101011011110,4000,5.074483263186928e-18,4.544826741282244e-18
0b00010100011011000011101011011110,2000,3.249123411286474e-18,2.833876827475483e-18
0b00010100011011000011101011011110,1000,2.4540383038504157e-18,2.0856127907138892e-18
0b00010100011011000011101011011110,500,2.0718363749164252e-18,1.7246888118403693e-18
0b00010100011011000011101011011110,400,1.9911337044580132e-18,1.6480396087291415e-18
0b00010100011011000011101011011110,320,1.9242553940079886e-18,1.5843807459344616e-18
0b00010100011011000011101011011110,200,1.8176279584277672e-18,1.4825423872966697e-18
0b00010100011011000011101011011110,100,1.7181386030046482e-18,1.387080308882808e-18
0b11001101110001010010110111001001,8000,9.678596036699596e-18,8.84081511345167e-18
0b11001101110001010010110111001001,4000,5.254711589797613e-18,4.724599427945087e-18
0b11001101110001010010110111001001,2000,3.3972855105469923e-18,2.9818165976121287e-18
0b11001101110001010010110111001001,1000,2.5871474145439394e-18,2.21852132526844e-18
0b11001101110001010010110111001001,500,2.207877741009824e-18,1.8605539968735837e-18
0b11001101110001010010110111001001,400,2.1292742692384356e-18,1.7860238247284903e-18
0b11001101110001010010110111001001,320,2.0627283237187722e-18,1.7227080366216696e-18
0b11001101110001010010110111001001,200,1.9551826567069568e-18,1.6199717257370113e-18
0b11001101110001010010110111001001,100,1.8628248748243577e-18,1.5316185959122914e-18
0b10000011110110000110110110010010,8000,9.678596036699596e-18,8.84081511345167e-18
0b10000011110110000110110110010010,4000,5.254711589797613e-18,4.724599427945087e-18
0b10000011110110000110110110010010,2000,3.3972855105469923e-18,2.9818165976121287e-18
0b10000011110110000110110110010010,1000,2.5871474145439394e-18,2.21852132526844e-18
0b10000011110110000110110110010010,500,2.207877741009824e-18,1.8605539968735837e-18
0b10000011110110000110110110010010,400,2.1292742692384356e-18,1.7860238247284903e-18
0b10000011110110000110110110010010,320,2.0627283237187722e-18,1.7227080366216696e-18
0b10000011110110000110110110010010,200,1.9551826567069568e-18,1.6199717257370113e-18
0b10000011110110000110110110010010,100,1.8628248748243577e-18,1.5316185959122914e-18
0b00011110010110010001011100010100,8000,9.527096709266936e-18,8.690277690103467e-18
0b00011110010110010001011100010100,4000,5.074483263186928e-18,4.544826741282244e-18
0b00011110010110010001011100010100,2000,3.249123411286474e-18,2.833876827475483e-18
0b00011110010110010001011100010100,1000,2.4540383038504157e-18,2.0856127907138892e-18
0b00011110010110010001011100010100,500,2.0718363749164252e-18,1.7246888118403693e-18
0b00011110010110010001011100010100,400,1.9911337044580132e-18,1.6480396087291415e-18
0b00011110010110010001011100010100,320,1.9242553940079886e-18,1.5843807459344616e-18
0b00011110010110010001011100010100,200,1.8176279584277672e-18,1.4825423872966697e-18
0b00011110010110010001011100010100,100,1.7181386030046482e-18,1.387080308882808e-18
0b10011110111000101000001000000001,8000,9.678596036699596e-18,8.84081511345167e-18
0b10011110111000101000001000000001,4000,5.254711589797613e-18,4.724599427945087e-18
0b10011110111000101000001000000001,2000,3.3972855105469923e-18,2.9818165976121287e-18
0b10011110111000101000001000000001,1000,2.5871474145439394e-18,2.21852132526844e-18
0b10011110111000101000001000000001,500,2.207877741009824e-18,1.8605539968735837e-18
0b10011110111000101000001000000001,400,2.1292742692384356e-18,1.7860238247284903e-18
0b10011110111000101000001000000001,320,2.0627283237187722e-18,1.7227080366216696e-18
0b10011110111000101000001000000001,200,1.9551826567069568e-18,1.6199717257370113e-18
0b10011110111000101000001000000001,100,1.8628248748243577e-18,1.5316185959122914e-18
0b00100000111100010111010010111001,8000,9.527096709266936e-18,8.690277690103467e-18
0b00100000111100010111010010111001,4000,5.074483263186928e-18,4.544826741282244e-18
0b00100000111100010111010010111001,2000,3.249123411286474e-18,2.833876827475483e-18
0b00100000111100010111010010111001,1000,2.4540383038504157e-18,2.0856127907138892e-18
0b00100000111100010111010010111001,500,2.0718363749164252e-18,1.7246888118403693e-18
0b00100000111100010111010010111001,400,1.9911337044580132e-18,1.6480396087291415e-18
0b00100000111100010111010010111001,320,1.9242553940079886e-18,1.5843807459344616e-18
0b00100000111100010111010010111001,200,1.8176279584277672e-18,1.4825423872966697e-18
0b00100000111100010111010010111001,100,1.7181386030046482e-18,1.387080308882808e-18
0b00010111001010001001101111110100,8000,9.527096709266936e-18,8.690277690103467e-18
0b00010111001010001001101111110100,4000,5.074483263186928e-18,4.544826741282244e-18
0b00010111001010001001101111110100,2000,3.249123411286474e-18,2.833876827475483e-18
0b00010111001010001001101111110100,1000,2.4540383038504157e-18,2.0856127907138892e-18
0b00010111001010001001101111110100,500,2.0718363749164252e-18,1.7246888118403693e-18
0b00010111001010001001101111110100,400,1.9911337044580132e-18,1.6480396087291415e-18
0b00010111001010001001101111110100,320,1.9242553940079886e-18,1.5843807459344616e-18
0b00010111001010001001101111110100,200,1.8176279584277672e-18,1.4825423872966697e-18
0b00010111001010001001101111110100,100,1.7181386030046482e-18,1.387080308882808e-18
0b01101101111000100011101111110100,8000,9.527096709266936e-18,8.690277690103467e-18
0b01101101111000100011101111110100,4000,5.074483263186928e-18,4.544826741282244e-18
0b01101101111000100011101111110100,2000,3.249123411286474e-18,2.833876827475483e-18
0b01101101111000100011101111110100,1000,2.4540383038504157e-18,2.0856127907138892e-18
0b01101101111000100011101111110100,500,2.0718363749164252e-18,1.7246888118403693e-18
0b01101101111000100011101111110100,400,1.9911337044580132e-18,1.6480396087291415e-18
0b01101101111000100011101111110100,320,1.9242553940079886e-18,1.5843807459344616e-18
0b01101101111000100011101111110100,200,1.8176279584277672e-18,1.4825423872966697e-18
0b01101101111000100011101111110100,100,1.7181386030046482e-18,1.387080308882808e-18
0b01110101001101010010010010101110,8000,9.527096709266936e-18,8.690277690103467e-18
0b01110101001101010010010010101110,4000,5.074483263186928e-18,4.544826741282244e-18
0b01110101001101010010010010101110,2000,3.249123411286474e-18,2.833876827475483e-18
0b01110101001101010010010010101110,1000,2.4540383038504157e-18,2.0856127907138892e-18
0b01110101001101010010010010101110,500,2.0718363749164252e-18,1.7246888118403693e-18
0b01110101001101010010010010101110,400,1.9911337044580132e-18,1.6480396087291415e-18
0b01110101001101010010010010101110,320,1.9242553940079886e-18,1.5843807459344616e-18
0b01110101001101010010010010101110,200,1.8176279584277672e-18,1.4825423872966697e-18
0b01110101001101010010010010101110,100,1.7181386030046482e-18,1.387080308882808e-18
0b01000100000101001111110000111111,8000,9.527096709266936e-18,8.690277690103467e-18
0b01000100000101001111110000111111,4000,5.074483263186928e-18,4.544826741282244e-18
0b01000100000101001111110000111111,2000,3.249123411286474e-18,2.833876827475483e-18
0b01000100000101001111110000111111,1000,2.4540383038504157e-18,2.0856127907138892e-18
0b01000100000101001111110000111111,500,2.0718363749164252e-18,1.7246888118403693e-18
0b01000100000101001111110000111111,400,1.9911337044580132e-18,1.6480396087291415e-18
0b01000100000101001111110000111111,320,1.9242553940079886e-18,1.5843807459344616e-18
0b01000100000101001111110000111111,200,1.8176279584277672e-18,1.4825423872966697e-18
0b01000100000101001111110000111111,100,1.7181386030046482e-18,1.387080308882808e-18
0b11111001111101001001111010101011,8000,9.678596036699596e-18,8.84081511345167e-18
0b11111001111101001001111010101011,4000,5.254711589797613e-18,4.724599427945087e-18
0b11111001111101001001111010101011,2000,3.3972855105469923e-18,2.9818165976121287e-18
0b11111001111101001001111010101011,1000,2.5871474145439394e-18,2.21852132526844e-18
0b11111001111101001001111010101011,500,2.207877741009824e-18,1.8605539968735837e-18
0b11111001111101001001111010101011,400,2.1292742692384356e-18,1.7860238247284903e-18
0b11111001111101001001111010101011,320,2.0627283237187722e-18,1.7227080366216696e-18
0b11111001111101001001111010101011,200,1.9551826567069568e-18,1.6199717257370113e-18
0b11111001111101001001111010101011,100,1.8628248748243577e-18,1.5316185959122914e-18
0b00000111101101000101100001101011,8000,9.527096709266936e-18,8.690277690103467e-18
0b00000111101101000101100001101011,4000,5.074483263186928e-18,4.544826741282244e-18
0b00000111101101000101100001101011,2000,3.249123411286474e-18,2.833876827475483e-18
0b00000111101101000101100001101011,1000,2.4540383038504157e-18,2.0856127907138892e-18
0b00000111101101000101100001101011,500,2.0718363749164252e-18,1.7246888118403693e-18
0b00000111101101000101100001101011,400,1.9911337044580132e-18,1.6480396087291415e-18
0b00000111101101000101100001101011,320,1.9242553940079886e-18,1.5843807459344616e-18
0b00000111101101000101100001101011,200,1.8176279584277672e-18,1.4825423872966697e-18
0b00000111101101000101100001101011,100,1.7181386030046482e-18,1.387080308882808e-18
0b00101011010101101000111001000100,8000,9.527096709266936e-18,8.690277690103467e-18
0b00101011010101101000111001000100,4000,5.074483263186928e-18,4.544826741282244e-18
0b00101011010101101000111001000100,2000,3.249123411286474e-18,2.833876827475483e-18
0b00101011010101101000111001000100,1000,2.4540383038504157e-18,2.0856127907138892e-18
0b00101011010101101000111001000100,500,2.0718363749164252e-18,1.7246888118403693e-18
0b00101011010101101000111001000100,400,1.9911337044580132e-18,1.6480396087291415e-18
0b00101011010101101000111001000100,320,1.9242553940079886e-18,1.5843807459344616e-18
0b00101011010101101000111001000100,200,1.8176279584277672e-18,1.4825423872966697e-18
0b00101011010101101000111001000100,100,1.7181386030046482e-18,1.387080308882808e-18
0b00110111001101101010000010100111,8000,9.527096709266936e-18,8.690277690103467e-18
0b00110111001101101010000010100111,4000,5.074483263186928e-18,4.544826741282244e-18
0b00110111001101101010000010100111,2000,3.249123411286474e-18,2.833876827475483e-18
0b00110111001101101010000010100111,1000,2.4540383038504157e-18,2.0856127907138892e-18
0b00110111001101101010000010100111,500,2.0718363749164252e-18,1.7246888118403693e-18
0b00110111001101101010000010100111,400,1.9911337044580132e-18,1.6480396087291415e-18
0b00110111001101101010000010100111,320,1.9242553940079886e-18,1.5843807459344616e-18
0b00110111001101101010000010100111,200,1.8176279584277672e-18,1.4825423872966697e-18
0b00110111001101101010000010100111,100,1.7181386030046482e-18,1.387080308882808e-18
0b00100011100100010111100111000011,8000,9.527096709266936e-18,8.690277690103467e-18
0b00100011100100010111100111000011,4000,5.074483263186928e-18,4.544826741282244e-18
0b00100011100100010111100111000011,2000,3.249123411286474e-18,2.833876827475483e-18
0b00100011100100010111100111000011,1000,2.4540383038504157e-18,2.0856127907138892e-18
0b00100011100100010111100111000011,500,2.0718363749164252e-18,1.7246888118403693e-18
0b00100011100100010111100111000011,400,1.9911337044580132e-18,1.6480396087291415e-18
0b00100011100100010111100111000011,320,1.9242553940079886e-18,1.5843807459344616e-18
0b00100011100100010111100111000011,200,1.8176279584277672e-18,1.4825423872966697e-18
0b00100011100100010111100111000011,100,1.7181386030046482e-18,1.387080308882808e-18
0b10111100001011110000001000101011,8000,9.678596036699596e-18,8.84081511345167e-18
0b10111100001011110000001000101011,4000,5.254711589797613e-18,4.724599427945087e-18
0b10111100001011110000001000101011,2000,3.3972855105469923e-18,2.9818165976121287e-18
0b10111100001011110000001000101011,1000,2.5871474145439394e-18,2.21852132526844e-18
0b10111100001011110000001000101011,500,2.207877741009824e-18,1.8605539968735837e-18
0b10111100001011110000001000101011,400,2.1292742692384356e-18,1.7860238247284903e-18
0b10111100001011110000001000101011,320,2.0627283237187722e-18,1.7227080366216696e-18
0b10111100001011110000001000101011,200,1.9551826567069568e-18,1.6199717257370113e-18
0b10111100001011110000001000101011,100,1.8628248748243577e-18,1.5316185959122914e-18
0b01010000011101010001111011010101,8000,9.527096709266936e-18,8.690277690103467e-18
0b01010000011101010001111011010101,4000,5.074483263186928e-18,4.544826741282244e-18
0b01010000011101010001111011010101,2000,3.249123411286474e-18,2.833876827475483e-18
0b01010000011101010001111011010101,1000,2.4540383038504157e-18,2.0856127907138892e-18
0b01010000011101010001111011010101,500,2.0718363749164252e-18,1.7246888118403693e-18
0b01010000011101010001111011010101,400,1.9911337044580132e-18,1.6480396087291415e-18
0b01010000011101010001111011010101,320,1.9242553940079886e-18,1.5843807459344616e-18
0b01010000011101010001111011010101,200,1.8176279584277672e-18,1.4825423872966697e-18
0b01010000011101010001111011010101,100,1.7181386030046482e-18,1.387080308882808e-18
0b01101010101110110011101011110000,8000,9.527096709266936e-18,8.690277690103467e-18
0b01101010101110110011101011110000,4000,5.074483263186928e-18,4.544826741282244e-18
0b01101010101110110011101011110000,2000,3.249123411286474e-18,2.833876827475483e-18
0b01101010101110110011101011110000,1000,2.4540383038504157e-18,2.0856127907138892e-18
0b01101010101110110011101011110000,500,2.0718363749164252e-18,1.7246888118403693e-18
0b01101010101110110011101011110000,400,1.9911337044580132e-18,1.6480396087291415e-18
0b01101010101110110011101011110000,320,1.9242553940079886e-18,1.5843807459344616e-18
0b01101010101110110011101011110000,200,1.8176279584277672e-18,1.4825423872966697e-18
0b01101010101110110011101011110000,100,1.7181386030046482e-18,1.387080308882808e-18
0b10000111100011000110000101000001,8000,9.678596036699596e-18,8.84081511345167e-18
0b10000111100011000110000101000001,4000,5.254711589797613e-18,4.724599427945087e-18
0b10000111100011000110000101000001,2000,3.3972855105469923e-18,2.9818165976121287e-18
0b10000111100011000110000101000001,1000,2.5871474145439394e-18,2.21852132526844e-18
0b10000111100011000110000101000001,500,2.207877741009824e-18,1.8605539968735837e-18
0b10000111100011000110000101000001,400,2.1292742692384356e-18,1.7860238247284903e-18
0b10000111100011000110000101000001,320,2.0627283237187722e-18,1.7227080366216696e-18
0b10000111100011000110000101000001,200,1.9551826567069568e-18,1.6199717257370113e-18
0b10000111100011000110000101000001,100,1.8628248748243577e-18,1.5316185959122914e-18
0b01011110000110111011000110100110,8000,9.527096709266936e-18,8.690277690103467e-18
0b01011110000110111011000110100110,4000,5.074483263186928e-18,4.544826741282244e-18
0b01011110000110111011000110100110,2000,3.249123411286474e-18,2.833876827475483e-18
0b01011110000110111011000110100110,1000,2.4540383038504157e-18,2.0856127907138892e-18
0b01011110000110111011000110100110,500,2.0718363749164252e-18,1.7246888118403693e-18
0b01011110000110111011000110100110,400,1.9911337044580132e-18,1.6480396087291415e-18
0b01011110000110111011000110100110,320,1.9242553940079886e-18,1.5843807459344616e-18
0b01011110000110111011000110100110,200,1.8176279584277672e-18,1.4825423872966697e-18
0b01011110000110111011000110100110,100,1.7181386030046482e-18,1.387080308882808e-18
0b11110000011010000000100100011011,8000,9.678596036699596e-18,8.84081511345167e-18
0b11110000011010000000100100011011,4000,5.254711589797613e-18,4.724599427945087e-18
0b11110000011010000000100100011011,2000,3.3972855105469923e-18,2.9818165976121287e-18
0b11110000011010000000100100011011,1000,2.5871474145439394e-18,2.21852132526844e-18
0b11110000011010000000100100011011,500,2.207877741009824e-18,1.8605539968735837e-18
0b11110000011010000000100100011011,400,2.1292742692384356e-18,1.7860238247284903e-18
0b11110000011010000000100100011011,320,2.0627283237187722e-18,1.7227080366216696e-18
0b11110000011010000000100100011011,200,1.9551826567069568e-18,1.6199717257370113e-18
0b11110000011010000000100100011011,100,1.8628248748243577e-18,1.5316185959122914e-18
0b11000111011011011011100110000101,8000,9.678596036699596e-18,8.84081511345167e-18
0b11000111011011011011100110000101,4000,5.254711589797613e-18,4.724599427945087e-18
0b11000111011011011011100110000101,2000,3.3972855105469923e-18,2.9818165976121287e-18
0b11000111011011011011100110000101,1000,2.5871474145439394e-18,2.21852132526844e-18
0b11000111011011011011100110000101,500,2.207877741009824e-18,1.8605539968735837e-18
0b11000111011011011011100110000101,400,2.1292742692384356e-18,1.7860238247284903e-18
0b11000111011011011011100110000101,320,2.0627283237187722e-18,1.7227080366216696e-18
0b11000111011011011011100110000101,200,1.9551826567069568e-18,1.6199717257370113e-18
0b11000111011011011011100110000101,100,1.8628248748243577e-18,1.5316185959122914e-18
0b10011100011010001101110011111011,8000,9.678596036699596e-18,8.84081511345167e-18
0b10011100011010001101110011111011,4000,5.254711589797613e-18,4.724599427945087e-18
0b10011100011010001101110011111011,2000,3.3972855105469923e-18,2.9818165976121287e-18
0b10011100011010001101110011111011,1000,2.5871474145439394e-18,2.21852132526844e-18
0b10011100011010001101110011111011,500,2.207877741009824e-18,1.8605539968735837e-18
0b10011100011010001101110011111011,400,2.1292742692384356e-18,1.7860238247284903e-18
0b10011100011010001101110011111011,320,2.0627283237187722e-18,1.7227080366216696e-18
0b10011100011010001101110011111011,200,1.9551826567069568e-18,1.6199717257370113e-18
0b10011100011010001101110011111011,100,1.8628248748243577e-18,1.5316185959122914e-18
0b10010111101010101001000110101100,8000,9.678596036699596e-18,8.84081511345167e-18
0b10010111101010101001000110101100,4000,5.254711589797613e-18,4.724599427945087e-18
0b10010111101010101001000110101100,2000,3.3972855105469923e-18,2.9818165976121287e-18
0b10010111101010101001000110101100,1000,2.5871474145439394e-18,2.21852132526844e-18
0b10010111101010101001000110101100,500,2.207877741009824e-18,1.8605539968735837e-18
0b10010111101010101001000110101100,400,2.1292742692384356e-18,1.7860238247284903e-18
0b10010111101010101001000110101100,320,2.0627283237187722e-18,1.7227080366216696e-18
0b10010111101010101001000110101100,200,1.9551826567069568e-18,1.6199717257370113e-18
0b10010111101010101001000110101100,100,1.8628248748243577e-18,1.5316185959122914e-18
0b01000100110110100001111100000001,8000,9.527096709266936e-18,8.690277690103467e-18
0b01000100110110100001111100000001,4000,5.074483263186928e-18,4.544826741282244e-18
0b01000100110110100001111100000001,2000,3.249123411286474e-18,2.833876827475483e-18
0b01000100110110100001111100000001,1000,2.4540383038504157e-18,2.0856127907138892e-18
0b01000100110110100001111100000001,500,2.0718363749164252e-18,1.7246888118403693e-18
0b01000100110110100001111100000001,400,1.9911337044580132e-18,1.6480396087291415e-18
0b01000100110110100001111100000001,320,1.9242553940079886e-18,1.5843807459344616e-18
0b01000100110110100001111100000001,200,1.8176279584277672e-18,1.4825423872966697e-18
0b01000100110110100001111100000001,100,1.7181386030046482e-18,1.387080308882808e-18
0b01111010000110100010110000011110,8000,9.527096709266936e-18,8.690277690103467e-18
0b01111010000110100010110000011110,4000,5.074483263186928e-18,4.544826741282244e-18
0b01111010000110100010110000011110,2000,3.249123411286474e-18,2.833876827475483e-18
0b01111010000110100010110000011110,1000,2.4540383038504157e-18,2.0856127907138892e-18
0b01111010000110100010110000011110,500,2.0718363749164252e-18,1.7246888118403693e-18
0b01111010000110100010110000011110,400,1.9911337044580132e-18,1.6480396087291415e-18
0b01111010000110100010110000011110,320,1.9242553940079886e-18,1.5843807459344616e-18
0b01111010000110100010110000011110,200,1.8176279584277672e-18,1.4825423872966697e-18
0b01111010000110100010110000011110,100,1.7181386030046482e-18,1.387080308882808e-18
0b01101110001001101110011001000000,8000,9.527096709266936e-18,8.690277690103467e-18
0b01101110001001101110011001000000,4000,5.074483263186928e-18,4.544826741282244e-18
0b01101110001001101110011001000000,2000,3.249123411286474e-18,2.833876827475483e-18
0b01101110001001101110011001000000,1000,2.4540383038504157e-18,2.0856127907138892e-18
0b01101110001001101110011001000000,500,2.0718363749164252e-18,1.7246888118403693e-18
0b01101110001001101110011001000000,400,1.9911337044580132e-18,1.6480396087291415e-18
0b01101110001001101110011001000000,320,1.9242553940079886e-18,1.5843807459344616e-18
0b01101110001001101110011001000000,200,1.8176279584277672e-18,1.4825423872966697e-18
0b01101110001001101110011001000000,100,1.7181386030046482e-18,1.387080308882808e-18
0b01000100001101100110101010010100,8000,9.527096709266936e-18,8.690277690103467e-18
0b01000100001101100110101010010100,4000,5.074483263186928e-18,4.544826741282244e-18
0b01000100001101100110101010010100,2000,3.249123411286474e-18,2.833876827475483e-18
0b01000100001101100110101010010100,1000,2.4540383038504157e-18,2.0856127907138892e-18
0b01000100001101100110101010010100,500,2.0718363749164252e-18,1.7246888118403693e-18
0b01000100001101100110101010010100,400,1.9911337044580132e-18,1.6480396087291415e-18
0b01000100001101100110101010010100,320,1.9242553940079886e-18,1.5843807459344616e-18
0b01000100001101100110101010010100,200,1.8176279584277672e-18,1.4825423872966697e-18
0b01000100001101100110101010010100,100,1.7181386030046482e-18,1.387080308882808e-18
0b11100101110111001111100001111101,8000,9.678596036699596e-18,8.84081511345167e-18
0b11100101110111001111100001111101,4000,5.254711589797613e-18,4.724599427945087e-18
0b11100101110111001111100001111101,2000,3.3972855105469923e-18,2.9818165976121287e-18
0b11100101110111001111100001111101,1000,2.5871474145439394e-18,2.21852132526844e-18
0b11100101110111001111100001111101,500,2.207877741009824e-18,1.8605539968735837e-18
0b11100101110111001111100001111101,400,2.1292742692384356e-18,1.7860238247284903e-18
0b11100101110111001111100001111101,320,2.0627283237187722e-18,1.7227080366216696e-18
0b11100101110111001111100001111101,200,1.9551826567069568e-18,1.6199717257370113e-18
0b11100101110111001111100001111101,100,1.8628248748243577e-18,1.5316185959122914e-18
0b11011010010000000001100011111010,8000,9.678596036699596e-18,8.84081511345167e-18
0b11011010010000000001100011111010,4000,5.254711589797613e-18,4.724599427945087e-18
0b11011010010000000001100011111010,2000,3.3972855105469923e-18,2.9818165976121287e-18
0b11011010010000000001100011111010,1000,2.5871474145439394e-18,2.21852132526844e-18
0b11011010010000000001100011111010,500,2.207877741009824e-18,1.8605539968735837e-18
0b11011010010000000001100011111010,400,2.1292742692384356e-18,1.7860238247284903e-18
0b11011010010000000001100011111010,320,2.0627283237187722e-18,1.7227080366216696e-18
0b11011010010000000001100011111010,200,1.9551826567069568e-18,1.6199717257370113e-18
0b11011010010000000001100011111010,100,1.8628248748243577e-18,1.5316185959122914e-18
0b11110101100001111110101011111001,8000,9.678596036699596e-18,8.84081511345167e-18
0b11110101100001111110101011111001,4000,5.254711589797613e-18,4.724599427945087e-18
0b11110101100001111110101011111001,2000,3.3972855105469923e-18,2.9818165976121287e-18
0b11110101100001111110101011111001,1000,2.5871474145439394e-18,2.21852132526844e-18
0b11110101100001111110101011111001,500,2.207877741009824e-18,1.8605539968735837e-18
0b11110101100001111110101011111001,400,2.1292742692384356e-18,1.7860238247284903e-18
0b11110101100001111110101011111001,320,2.0627283237187722e-18,1.7227080366216696e-18
0b11110101100001111110101011111001,200,1.9551826567069568e-18,1.6199717257370113e-18
0b11110101100001111110101011111001,100,1.8628248748243577e-18,1.5316185959122914e-18
0b10101011000100011000100000011111,8000,9.678596036699596e-18,8.84081511345167e-18
0b10101011000100011000100000011111,4000,5.254711589797613e-18,4.724599427945087e-18
0b10101011000100011000100000011111,2000,3.3972855105469923e-18,2.9818165976121287e-18
0b10101011000100011000100000011111,1000,2.5871474145439394e-18,2.21852132526844e-18
0b10101011000100011000100000011111,500,2.207877741009824e-18,1.8605539968735837e-18
0b10101011000100011000100000011111,400,2.1292742692384356e-18,1.7860238247284903e-18
0b10101011000100011000100000011111,320,2.0627283237187722e-18,1.7227080366216696e-18
0b10101011000100011000100000011111,200,1.9551826567069568e-18,1.6199717257370113e-18
0b10101011000100011000100000011111,100,1.8628248748243577e-18,1.5316185959122914e-18
0b01001000110001001000100111100010,8000,9.527096709266936e-18,8.690277690103467e-18
0b01001000110001001000100111100010,4000,5.074483263186928e-18,4.544826741282244e-18
0b01001000110001001000100111100010,2000,3.249123411286474e-18,2.833876827475483e-18
0b01001000110001001000100111100010,1000,2.4540383038504157e-18,2.0856127907138892e-18
0b01001000110001001000100111100010,500,2.0718363749164252e-18,1.7246888118403693e-18
0b01001000110001001000100111100010,400,1.9911337044580132e-18,1.6480396087291415e-18
0b01001000110001001000100111100010,320,1.9242553940079886e-18,1.5843807459344616e-18
0b01001000110001001000100111100010,200,1.8176279584277672e-18,1.4825423872966697e-18
0b01001000110001001000100111100010,100,1.7181386030046482e-18,1.387080308882808e-18
0b10001110011100010010001001011100,8000,9.678596036699596e-18,8.84081511345167e-18
0b10001110011100010010001001011100,4000,5.254711589797613e-18,4.724599427945087e-18
0b10001110011100010010001001011100,2000,3.3972855105469923e-18,2.9818165976121287e-18
0b10001110011100010010001001011100,1000,2.5871474145439394e-18,2.21852132526844e-18
0b10001110011100010010001001011100,500,2.207877741009824e-18,1.8605539968735837e-18
0b10001110011100010010001001011100,400,2.1292742692384356e-18,1.7860238247284903e-18
0b10001110011100010010001001011100,320,2.0627283237187722e-18,1.7227080366216696e-18
0b10001110011100010010001001011100,200,1.9551826567069568e-18,1.6199717257370113e-18
0b10001110011100010010001001011100,100,1.8628248748243577e-18,1.5316185959122914e-18
0b10111101101010011001111001110011,8000,9.678596036699596e-18,8.84081511345167e-18
0b10111101101010011001111001110011,4000,5.254711589797613e-18,4.724599427945087e-18
0b10111101101010011001111001110011,2000,3.3972855105469923e-18,2.9818165976121287e-18
0b10111101101010011001111001110011,1000,2.5871474145439394e-18,2.21852132526844e-18
0b10111101101010011001111001110011,500,2.207877741009824e-18,1.8605539968735837e-18
0b10111101101010011001111001110011,400,2.1292742692384356e-18,1.7860238247284903e-18
0b10111101101010011001111001110011,320,2.0627283237187722e-18,1.7227080366216696e-18
0b10111101101010011001111001110011,200,1.9551826567069568e-18,1.6199717257370113e-18
0b10111101101010011001111001110011,100,1.8628248748243577e-18,1.5316185959122914e-18
0b00100000101100101001011010110001,8000,9.527096709266936e-18,8.690277690103467e-18
0b00100000101100101001011010110001,4000,5.074483263186928e-18,4.544826741282244e-18
0b00100000101100101001011010110001,2000,3.249123411286474e-18,2.833876827475483e-18
0b00100000101100101001011010110001,1000,2.4540383038504157e-18,2.0856127907138892e-18
0b00100000101100101001011010110001,500,2.0718363749164252e-18,1.7246888118403693e-18
0b00100000101100101001011010110001,400,1.9911337044580132e-18,1.6480396087291415e-18
0b00100000101100101001011010110001,320,1.9242553940079886e-18,1.5843807459344616e-18
0b00100000101100101001011010110001,200,1.8176279584277672e-18,1.4825423872966697e-18
0b00100000101100101001011010110001,100,1.7181386030046482e-18,1.387080308882808e-18
0b10101001110001101101111101001100,8000,9.678596036699596e-18,8.84081511345167e-18
0b10101001110001101101111101001100,4000,5.254711589797613e-18,4.724599427945087e-18
0b10101001110001101101111101001100,2000,3.3972855105469923e-18,2.9818165976121287e-18
0b10101001110001101101111101001100,1000,2.5871474145439394e-18,2.21852132526844e-18
0b10101001110001101101111101001100,500,2.207877741009824e-18,1.8605539968735837e-18
0b10101001110001101101111101001100,400,2.1292742692384356e-18,1.7860238247284903e-18
0b10101001110001101101111101001100,320,2.0627283237187722e-18,1.7227080366216696e-18
0b10101001110001101101111101001100,200,1.9551826567069568e-18,1.6199717257370113e-18
0b10101001110001101101111101001100,100,1.8628248748243577e-18,1.5316185959122914e-18
0b11010110101111110010001000000110,8000,9.678596036699596e-18,8.84081511345167e-18
0b11010110101111110010001000000110,4000,5.254711589797613e-18,4.724599427945087e-18
0b11010110101111110010001000000110,2000,3.3972855105469923e-18,2.9818165976121287e-18
0b11010110101111110010001000000110,1000,2.5871474145439394e-18,2.21852132526844e-18
0b11010110101111110010001000000110,500,2.207877741009824e-18,1.8605539968735837e-18
0b11010110101111110010001000000110,400,2.1292742692384356e-18,1.7860238247284903e-18
0b11010110101111110010001000000110,320,2.0627283237187722e-18,1.7227080366216696e-18
0b11010110101111110010001000000110,200,1.9551826567069568e-18,1.6199717257370113e-18
0b11010110101111110010001000000110,100,1.8628248748243577e-18,1.5316185959122914e-18
0b00111000001100000111011001100001,8000,9.527096709266936e-18,8.690277690103467e-18
0b00111000001100000111011001100001,4000,5.074483263186928e-18,4.544826741282244e-18
0b00111000001100000111011001100001,2000,3.249123411286474e-18,2.833876827475483e-18
0b00111000001100000111011001100001,1000,2.4540383038504157e-18,2.0856127907138892e-18
0b00111000001100000111011001100001,500,2.0718363749164252e-18,1.7246888118403693e-18
0b00111000001100000111011001100001,400,1.9911337044580132e-18,1.6480396087291415e-18
0b00111000001100000111011001100001,320,1.9242553940079886e-18,1.5843807459344616e-18
0b00111000001100000111011001100001,200,1.8176279584277672e-18,1.4825423872966697e-18
0b00111000001100000111011001100001,100,1.7181386030046482e-18,1.387080308882808e-18
0b01100110000101011101111100000110,8000,9.527096709266936e-18,8.690277690103467e-18
0b01100110000101011101111100000110,4000,5.074483263186928e-18,4.544826741282244e-18
0b01100110000101011101111100000110,2000,3.249123411286474e-18,2.833876827475483e-18
0b01100110000101011101111100000110,1000,2.4540383038504157e-18,2.0856127907138892e-18
0b01100110000101011101111100000110,500,2.0718363749164252e-18,1.7246888118403693e-18
0b01100110000101011101111100000110,400,1.9911337044580132e-18,1.6480396087291415e-18
0b01100110000101011101111100000110,320,1.9242553940079886e-18,1.5843807459344616e-18
0b01100110000101011101111100000110,200,1.8176279584277672e-18,1.4825423872966697e-18
0b01100110000101011101111100000110,100,1.7181386030046482e-18,1.387080308882808e-18
0b01101000101101101101001111010110,8000,9.527096709266936e-18,8.690277690103467e-18
0b01101000101101101101001111010110,4000,5.074483263186928e-18,4.544826741282244e-18
0b01101000101101101101001111010110,2000,3.249123411286474e-18,2.833876827475483e-18
0b01101000101101101101001111010110,1000,2.4540383038504157e-18,2.0856127907138892e-18
0b01101000101101101101001111010110,500,2.0718363749164252e-18,1.7246888118403693e-18
0b01101000101101101101001111010110,400,1.9911337044580132e-18,1.6480396087291415e-18
0b01101000101101101101001111010110,320,1.9242553940079886e-18,1.5843807459344616e-18
0b01101000101101101101001111010110,200,1.8176279584277672e-18,1.4825423872966697e-18
0b01101000101101101101001111010110,100,1.7181386030046482e-18,1.387080308882808e-18
0b00010011100001011011010101010010,8000,9.527096709266936e-18,8.690277690103467e-18
0b00010011100001011011010101010010,4000,5.074483263186928e-18,4.544826741282244e-18
0b00010011100001011011010101010010,2000,3.249123411286474e-18,2.833876827475483e-18
0b00010011100001011011010101010010,1000,2.4540383038504157e-18,2.0856127907138892e-18
0b00010011100001011011010101010010,500,2.0718363749164252e-18,1.7246888118403693e-18
0b00010011100001011011010101010010,400,1.9911337044580132e-18,1.6480396087291415e-18
0b00010011100001011011010101010010,320,1.9242553940079886e-18,1.5843807459344616e-18
0b00010011100001011011010101010010,200,1.8176279584277672e-18,1.4825423872966697e-18
0b00010011100001011011010101010010,100,1.7181386030046482e-18,1.387080308882808e-18
0b01010111100110111110011111011011,8000,9.527096709266936e-18,8.690277690103467e-18
0b01010111100110111110011111011011,4000,5.074483263186928e-18,4.544826741282244e-18
0b01010111100110111110011111011011,2000,3.249123411286474e-18,2.833876827475483e-18
0b01010111100110111110011111011011,1000,2.4540383038504157e-18,2.0856127907138892e-18
0b01010111100110111110011111011011,500,2.0718363749164252e-18,1.7246888118403693e-18
0b01010111100110111110011111011011,400,1.9911337044580132e-18,1.6480396087291415e-18
0b01010111100110111110011111011011,320,1.9242553940079886e-18,1.5843807459344616e-18
0b01010111100110111110011111011011,200,1.8176279584277672e-18,1.4825423872966697e-18
0b01010111100110111110011111011011,100,1.7181386030046482e-18,1.387080308882808e-18
0b01110010001011101010111110111001,8000,9.527096709266936e-18,8.690277690103467e-18
0b01110010001011101010111110111001,4000,5.074483263186928e-18,4.544826741282244e-18
0b01110010001011101010111110111001,2000,3.249123411286474e-18,2.833876827475483e-18
0b01110010001011101010111110111001,1000,2.4540383038504157e-18,2.0856127907138892e-18
0b01110010001011101010111110111001,500,2.0718363749164252e-18,1.7246888118403693e-18
0b01110010001011101010111110111001,400,1.9911337044580132e-18,1.6480396087291415e-18
0b01110010001011101010111110111001,320,1.9242553940079886e-18,1.5843807459344616e-18
0b01110010001011101010111110111001,200,1.8176279584277672e-18,1.4825423872966697e-18
0b01110010001011101010111110111001,100,1.7181386030046482e-18,1.387080308882808e-18
0b11101000001110010110100001110001,8000,9.678596036699596e-18,8.84081511345167e-18
0b11101000001110010110100001110001,4000,5.254711589797613e-18,4.724599427945087e-18
0b11101000001110010110100001110001,2000,3.3972855105469923e-18,2.9818165976121287e-18
0b11101000001110010110100001110001,1000,2.5871474145439394e-18,2.21852132526844e-18
0b11101000001110010110100001110001,500,2.207877741009824e-18,1.8605539968735837e-18
0b11101000001110010110100001110001,400,2.1292742692384356e-18,1.7860238247284903e-18
0b11101000001110010110100001110001,320,2.0627283237187722e-18,1.7227080366216696e-18
0b11101000001110010110100001110001,200,1.9551826567069568e-18,1.6199717257370113e-18
0b11101000001110010110100001110001,100,1.8628248748243577e-18,1.5316185959122914e-18
0b11011001110110100001111001110101,8000,9.678596036699596e-18,8.84081511345167e-18
0b11011001110110100001111001110101,4000,5.254711589797613e-18,4.724599427945087e-18
0b11011001110110100001111001110101,2000,3.3972855105469923e-18,2.9818165976121287e-18
0b11011001110110100001111001110101,1000,2.5871474145439394e-18,2.21852132526844e-18
0b11011001110110100001111001110101,500,2.207877741009824e-18,1.8605539968735837e-18
0b11011001110110100001111001110101,400,2.1292742692384356e-18,1.7860238247284903e-18
0b11011001110110100001111001110101,320,2.0627283237187722e-18,1.7227080366216696e-18
0b11011001110110100001111001110101,200,1.9551826567069568e-18,1.6199717257370113e-18
0b11011001110110100001111001110101,100,1.8628248748243577e-18,1.5316185959122914e-18
0b10100110000110100110000100000111,8000,9.678596036699596e-18,8.84081511345167e-18
0b10100110000110100110000100000111,4000,5.254711589797613e-18,4.724599427945087e-18
0b10100110000110100110000100000111,2000,3.3972855105469923e-18,2.9818165976121287e-18
0b10100110000110100110000100000111,1000,2.5871474145439394e-18,2.21852132526844e-18
0b10100110000110100110000100000111,500,2.207877741009824e-18,1.8605539968735837e-18
0b10100110000110100110000100000111,400,2.1292742692384356e-18,1.7860238247284903e-18
0b10100110000110100110000100000111,320,2.0627283237187722e-18,1.7227080366216696e-18
0b10100110000110100110000100000111,200,1.9551826567069568e-18,1.6199717257370113e-18
0b10100110000110100110000100000111,100,1.8628248748243577e-18,1.5316185959122914e-18
0b11011001001100001110000000000111,8000,9.678596036699596e-18,8.84081511345167e-18
0b11011001001100001110000000000111,4000,5.254711589797613e-18,4.724599427945087e-18
0b11011001001100001110000000000111,2000,3.3972855105469923e-18,2.9818165976121287e-18
0b11011001001100001110000000000111,1000,2.5871474145439394e-18,2.21852132526844e-18
0b11011001001100001110000000000111,500,2.207877741009824e-18,1.8605539968735837e-18
0b11011001001100001110000000000111,400,2.1292742692384356e-18,1.7860238247284903e-18
0b11011001001100001110000000000111,320,2.0627283237187722e-18,1.7227080366216696e-18
0b11011001001100001110000000000111,200,1.9551826567069568e-18,1.6199717257370113e-18
0b11011001001100001110000000000111,100,1.8628248748243577e-18,1.5316185959122914e-18
0b10001100010011110000001011100011,8000,9.678596036699596e-18,8.84081511345167e-18
0b10001100010011110000001011100011,4000,5.254711589797613e-18,4.724599427945087e-18
0b10001100010011110000001011100011,2000,3.3972855105469923e-18,2.9818165976121287e-18
0b10001100010011110000001011100011,1000,2.5871474145439394e-18,2.21852132526844e-18
0b10001100010011110000001011100011,500,2.207877741009824e-18,1.8605539968735837e-18
0b10001100010011110000001011100011,400,2.1292742692384356e-18,1.7860238247284903e-18
0b10001100010011110000001011100011,320,2.0627283237187722e-18,1.7227080366216696e-18
0b10001100010011110000001011100011,200,1.9551826567069568e-18,1.6199717257370113e-18
0b10001100010011110000001011100011,100,1.8628248748243577e-18,1.5316185959122914e-18
0b01110100100101001110110101011001,8000,9.527096709266936e-18,8.690277690103467e-18
0b01110100100101001110110101011001,4000,5.074483263186928e-18,4.544826741282244e-18
0b01110100100101001110110101011001,2000,3.249123411286474e-18,2.833876827475483e-18
0b01110100100101001110110101011001,1000,2.4540383038504157e-18,2.0856127907138892e-18
0b01110100100101001110110101011001,500,2.0718363749164252e-18,1.7246888118403693e-18
0b01110100100101001110110101011001,400,1.9911337044580132e-18,1.6480396087291415e-18
0b01110100100101001110110101011001,320,1.9242553940079886e-18,1.5843807459344616e-18
0b01110100100101001110110101011001,200,1.8176279584277672e-18,1.4825423872966697e-18
0b01110100100101001110110101011001,100,1.7181386030046482e-18,1.387080308882808e-18
0b01100111001010010001000111110100,8000,9.527096709266936e-18,8.690277690103467e-18
0b01100111001010010001000111110100,4000,5.074483263186928e-18,4.544826741282244e-18
0b01100111001010010001000111110100,2000,3.249123411286474e-18,2.833876827475483e-18
0b01100111001010010001000111110100,1000,2.4540383038504157e-18,2.0856127907138892e-18
0b01100111001010010001000111110100,500,2.0718363749164252e-18,1.7246888118403693e-18
0b01100111001010010001000111110100,400,1.9911337044580132e-18,1.6480396087291415e-18
0b01100111001010010001000111110100,320,1.9242553940079886e-18,1.5843807459344616e-18
0b01100111001010010001000111110100,200,1.8176279584277672e-18,1.4825423872966697e-18
0b01100111001010010001000111110100,100,1.7181386030046482e-18,1.387080308882808e-18
0b11011101001101100001101011000001,8000,9.678596036699596e-18,8.84081511345167e-18
0b11011101001101100001101011000001,4000,5.254711589797613e-18,4.724599427945087e-18
0b11011101001101100001101011000001,2000,3.3972855105469923e-18,2.9818165976121287e-18
0b11011101001101100001101011000001,1000,2.5871474145439394e-18,2.21852132526844e-18
0b11011101001101100001101011000001,500,2.207877741009824e-18,1.8605539968735837e-18
0b11011101001101100001101011000001,400,2.1292742692384356e-18,1.7860238247284903e-18
0b11011101001101100001101011000001,320,2.0627283237187722e-18,1.7227080366216696e-18
0b11011101001101100001101011000001,200,1.9551826567069568e-18,1.6199717257370113e-18
0b11011101001101100001101011000001,100,1.8628248748243577e-18,1.5316185959122914e-18
0b00111010001001100101010000010111,8000,9.527096709266936e-18,8.690277690103467e-18
0b00111010001001100101010000010111,4000,5.074483263186928e-18,4.544826741282244e-18
0b00111010001001100101010000010111,2000,3.249123411286474e-18,2.833876827475483e-18
0b00111010001001100101010000010111,1000,2.4540383038504157e-18,2.0856127907138892e-18
0b00111010001001100101010000010111,500,2.0718363749164252e-18,1.7246888118403693e-18
0b00111010001001100101010000010111,400,1.9911337044580132e-18,1.6480396087291415e-18
0b00111010001001100101010000010111,320,1.9242553940079886e-18,1.5843807459344616e-18
0b00111010001001100101010000010111,200,1.8176279584277672e-18,1.4825423872966697e-18
0b00111010001001100101010000010111,100,1.7181386030046482e-18,1.387080308882808e-18
0b11010101111001110110011101011000,8000,9.678596036699596e-18,8.84081511345167e-18
0b11010101111001110110011101011000,4000,5.254711589797613e-18,4.724599427945087e-18
0b11010101111001110110011101011000,2000,3.3972855105469923e-18,2.9818165976121287e-18
0b11010101111001110110011101011000,1000,2.5871474145439394e-18,2.21852132526844e-18
0b11010101111001110110011101011000,500,2.207877741009824e-18,1.8605539968735837e-18
0b11010101111001110110011101011000,400,2.1292742692384356e-18,1.7860238247284903e-18
0b11010101111001110110011101011000,320,2.0627283237187722e-18,1.7227080366216696e-18
0b11010101111001110110011101011000,200,1.9551826567069568e-18,1.6199717257370113e-18
0b11010101111001110110011101011000,100,1.8628248748243577e-18,1.5316185959122914e-18
0b01001000010000101100000010111100,8000,9.527096709266936e-18,8.690277690103467e-18
0b01001000010000101100000010111100,4000,5.074483263186928e-18,4.544826741282244e-18
0b01001000010000101100000010111100,2000,3.249123411286474e-18,2.833876827475483e-18
0b01001000010000101100000010111100,1000,2.4540383038504157e-18,2.0856127907138892e-18
0b01001000010000101100000010111100,500,2.0718363749164252e-18,1.7246888118403693e-18
0b01001000010000101100000010111100,400,1.9911337044580132e-18,1.6480396087291415e-18
0b01001000010000101100000010111100,320,1.9242553940079886e-18,1.5843807459344616e-18
0b01001000010000101100000010111100,200,1.8176279584277672e-18,1.4825423872966697e-18
0b01001000010000101100000010111100,100,1.7181386030046482e-18,1.387080308882808e-18
0b01101100010101001110110011100011,8000,9.527096709266936e-18,8.690277690103467e-18
0b01101100010101001110110011100011,4000,5.074483263186928e-18,4.544826741282244e-18
0b01101100010101001110110011100011,2000,3.249123411286474e-18,2.833876827475483e-18
0b01101100010101001110110011100011,1000,2.4540383038504157e-18,2.0856127907138892e-18
0b01101100010101001110110011100011,500,2.0718363749164252e-18,1.7246888118403693e-18
0b01101100010101001110110011100011,400,1.9911337044580132e-18,1.6480396087291415e-18
0b01101100010101001110110011100011,320,1.9242553940079886e-18,1.5843807459344616e-18
0b01101100010101001110110011100011,200,1.8176279584277672e-18,1.4825423872966697e-18
0b01101100010101001110110011100011,100,1.7181386030046482e-18,1.387080308882808e-18
0b11110110111000010000100011000101,8000,9.678596036699596e-18,8.84081511345167e-18
0b11110110111000010000100011000101,4000,5.254711589797613e-18,4.724599427945087e-18
0b11110110111000010000100011000101,2000,3.3972855105469923e-18,2.9818165976121287e-18
0b11110110111000010000100011000101,1000,2.5871474145439394e-18,2.21852132526844e-18
0b11110110111000010000100011000101,500,2.207877741009824e-18,1.8605539968735837e-18
0b11110110111000010000100011000101,400,2.1292742692384356e-18,1.7860238247284903e-18
0b11110110111000010000100011000101,320,2.0627283237187722e-18,1.7227080366216696e-18
0b11110110111000010000100011000101,200,1.9551826567069568e-18,1.6199717257370113e-18
0b11110110111000010000100011000101,100,1.8628248748243577e-18,1.5316185959122914e-18
0b10010101011101000010110111111101,8000,9.678596036699596e-18,8.84081511345167e-18
0b10010101011101000010110111111101,4000,5.254711589797613e-18,4.724599427945087e-18
0b10010101011101000010110111111101,2000,3.3972855105469923e-18,2.9818165976121287e-18
0b10010101011101000010110111111101,1000,2.5871474145439394e-18,2.21852132526844e-18
0b10010101011101000010110111111101,500,2.207877741009824e-18,1.8605539968735837e-18
0b10010101011101000010110111111101,400,2.1292742692384356e-18,1.7860238247284903e-18
0b10010101011101000010110111111101,320,2.0627283237187722e-18,1.7227080366216696e-18
0b10010101011101000010110111111101,200,1.9551826567069568e-18,1.6199717257370113e-18
0b10010101011101000010110111111101,100,1.8628248748243577e-18,1.5316185959122914e-18
0b11111001110111001110111101100011,8000,9.678596036699596e-18,8.84081511345167e-18
0b11111001110111001110111101100011,4000,5.254711589797613e-18,4.724599427945087e-18
0b11111001110111001110111101100011,2000,3.3972855105469923e-18,2.9818165976121287e-18
0b11111001110111001110111101100011,1000,2.5871474145439394e-18,2.21852132526844e-18
0b11111001110111001110111101100011,500,2.207877741009824e-18,1.8605539968735837e-18
0b11111001110111001110111101100011,400,2.1292742692384356e-18,1.7860238247284903e-18
0b11111001110111001110111101100011,320,2.0627283237187722e-18,1.7227080366216696e-18
0b11111001110111001110111101100011,200,1.9551826567069568e-18,1.6199717257370113e-18
0b11111001110111001110111101100011,100,1.8628248748243577e-18,1.5316185959122914e-18
0b01101001110011110100100101100111,8000,9.527096709266936e-18,8.690277690103467e-18
0b01101001110011110100100101100111,4000,5.074483263186928e-18,4.544826741282244e-18
0b01101001110011110100100101100111,2000,3.249123411286474e-18,2.833876827475483e-18
0b01101001110011110100100101100111,1000,2.4540383038504157e-18,2.0856127907138892e-18
0b01101001110011110100100101100111,500,2.0718363749164252e-18,1.7246888118403693e-18
0b01101001110011110100100101100111,400,1.9911337044580132e-18,1.6480396087291415e-18
0b01101001110011110100100101100111,320,1.9242553940079886e-18,1.5843807459344616e-18
0b01101001110011110100100101100111,200,1.8176279584277672e-18,1.4825423872966697e-18
0b01101001110011110100100101100111,100,1.7181386030046482e-18,1.387080308882808e-18
0b10110101110000100011111000001000,8000,9.678596036699596e-18,8.84081511345167e-18
0b10110101110000100011111000001000,4000,5.254711589797613e-18,4.724599427945087e-18
0b10110101110000100011111000001000,2000,3.3972855105469923e-18,2.9818165976121287e-18
0b10110101110000100011111000001000,1000,2.5871474145439394e-18,2.21852132526844e-18
0b10110101110000100011111000001000,500,2.207877741009824e-18,1.8605539968735837e-18
0b10110101110000100011111000001000,400,2.1292742692384356e-18,1.7860238247284903e-18
0b10110101110000100011111000001000,320,2.0627283237187722e-18,1.7227080366216696e-18
0b10110101110000100011111000001000,200,1.9551826567069568e-18,1.6199717257370113e-18
0b10110101110000100011111000001000,100,1.8628248748243577e-18,1.5316185959122914e-18
0b00101101001011010100011101111010,8000,9.527096709266936e-18,8.690277690103467e-18
0b00101101001011010100011101111010,4000,5.074483263186928e-18,4.544826741282244e-18
0b00101101001011010100011101111010,2000,3.249123411286474e-18,2.833876827475483e-18
0b00101101001011010100011101111010,1000,2.4540383038504157e-18,2.0856127907138892e-18
0b00101101001011010100011101111010,500,2.0718363749164252e-18,1.7246888118403693e-18
0b00101101001011010100011101111010,400,1.9911337044580132e-18,1.6480396087291415e-18
0b00101101001011010100011101111010,320,1.9242553940079886e-18,1.5843807459344616e-18
0b00101101001011010100011101111010,200,1.8176279584277672e-18,1.4825423872966697e-18
0b00101101001011010100011101111010,100,1.7181386030046482e-18,1.387080308882808e-18
0b10100110011100101011000011110110,8000,9.678596036699596e-18,8.84081511345167e-18
0b10100110011100101011000011110110,4000,5.254711589797613e-18,4.724599427945087e-18
0b10100110011100101011000011110110,2000,3.3972855105469923e-18,2.9818165976121287e-18
0b10100110011100101011000011110110,1000,2.5871474145439394e-18,2.21852132526844e-18
0b10100110011100101011000011110110,500,2.207877741009824e-18,1.8605539968735837e-18
0b10100110011100101011000011110110,400,2.1292742692384356e-18,1.7860238247284903e-18
0b10100110011100101011000011110110,320,2.0627283237187722e-18,1.7227080366216696e-18
0b10100110011100101011000011110110,200,1.9551826567069568e-18,1.6199717257370113e-18
0b10100110011100101011000011110110,100,1.8628248748243577e-18,1.5316185959122914e-18
0b10110100010100010000111001100100,8000,9.678596036699596e-18,8.84081511345167e-18
0b10110100010100010000111001100100,4000,5.254711589797613e-18,4.724599427945087e-18
0b10110100010100010000111001100100,2000,3.3972855105469923e-18,2.9818165976121287e-18
0b10110100010100010000111001100100,1000,2.5871474145439394e-18,2.21852132526844e-18
0b10110100010100010000111001100100,500,2.207877741009824e-18,1.8605539968735837e-18
0b10110100010100010000111001100100,400,2.1292742692384356e-18,1.7860238247284903e-18
0b10110100010100010000111001100100,320,2.0627283237187722e-18,1.7227080366216696e-18
0b10110100010100010000111001100100,200,1.9551826567069568e-18,1.6199717257370113e-18
0b10110100010100010000111001100100,100,1.8628248748243577e-18,1.5316185959122914e-18
0b10101111000100001011001011001011,8000,9.678596036699596e-18,8.84081511345167e-18
0b10101111000100001011001011001011,4000,5.254711589797613e-18,4.724599427945087e-18
0b10101111000100001011001011001011,2000,3.3972855105469923e-18,2.9818165976121287e-18
0b10101111000100001011001011001011,1000,2.5871474145439394e-18,2.21852132526844e-18
0b10101111000100001011001011001011,500,2.207877741009824e-18,1.8605539968735837e-18
0b10101111000100001011001011001011,400,2.1292742692384356e-18,1.7860238247284903e-18
0b10101111000100001011001011001011,320,2.0627283237187722e-18,1.7227080366216696e-18
0b10101111000100001011001011001011,200,1.9551826567069568e-18,1.6199717257370113e-18
0b10101111000100001011001011001011,100,1.8628248748243577e-18,1.5316185959122914e-18
0b11101101101101001111111010000000,8000,9.678596036699596e-18,8.84081511345167e-18
0b11101101101101001111111010000000,4000,5.254711589797613e-18,4.724599427945087e-18
0b11101101101101001111111010000000,2000,3.3972855105469923e-18,2.9818165976121287e-18
0b11101101101101001111111010000000,1000,2.5871474145439394e-18,2.21852132526844e-18
0b11101101101101001111111010000000,500,2.207877741009824e-18,1.8605539968735837e-18
0b11101101101101001111111010000000,400,2.1292742692384356e-18,1.7860238247284903e-18
0b11101101101101001111111010000000,320,2.0627283237187722e-18,1.7227080366216696e-18
0b11101101101101001111111010000000,200,1.9551826567069568e-18,1.6199717257370113e-18
0b11101101101101001111111010000000,100,1.8628248748243577e-18,1.5316185959122914e-18
0b11000010011010011101000000001101,8000,9.678596036699596e-18,8.84081511345167e-18
0b11000010011010011101000000001101,4000,5.254711589797613e-18,4.724599427945087e-18
0b11000010011010011101000000001101,2000,3.3972855105469923e-18,2.9818165976121287e-18
0b11000010011010011101000000001101,1000,2.5871474145439394e-18,2.21852132526844e-18
0b11000010011010011101000000001101,500,2.207877741009824e-18,1.8605539968735837e-18
0b11000010011010011101000000001101,400,2.1292742692384356e-18,1.7860238247284903e-18
0b11000010011010011101000000001101,320,2.0627283237187722e-18,1.7227080366216696e-18
0b11000010011010011101000000001101,200,1.9551826567069568e-18,1.6199717257370113e-18
0b11000010011010011101000000001101,100,1.8628248748243577e-18,1.5316185959122914e-18
0b11000000110101101000000100000011,8000,9.678596036699596e-18,8.84081511345167e-18
0b11000000110101101000000100000011,4000,5.254711589797613e-18,4.724599427945087e-18
0b11000000110101101000000100000011,2000,3.3972855105469923e-18,2.9818165976121287e-18
0b11000000110101101000000100000011,1000,2.5871474145439394e-18,2.21852132526844e-18
0b11000000110101101000000100000011,500,2.207877741009824e-18,1.8605539968735837e-18
0b11000000110101101000000100000011,400,2.1292742692384356e-18,1.7860238247284903e-18
0b11000000110101101000000100000011,320,2.0627283237187722e-18,1.7227080366216696e-18
0b11000000110101101000000100000011,200,1.9551826567069568e-18,1.6199717257370113e-18
0b11000000110101101000000100000011,100,1.8628248748243577e-18,1.5316185959122914e-18
0b11110001110100011110001100011110,8000,9.678596036699596e-18,8.84081511345167e-18
0b11110001110100011110001100011110,4000,5.254711589797613e-18,4.724599427945087e-18
0b11110001110100011110001100011110,2000,3.3972855105469923e-18,2.9818165976121287e-18
0b11110001110100011110001100011110,1000,2.5871474145439394e-18,2.21852132526844e-18
0b11110001110100011110001100011110,500,2.207877741009824e-18,1.8605539968735837e-18
0b11110001110100011110001100011110,400,2.1292742692384356e-18,1.7860238247284903e-18
0b11110001110100011110001100011110,320,2.0627283237187722e-18,1.7227080366216696e-18
0b11110001110100011110001100011110,200,1.9551826567069568e-18,1.6199717257370113e-18
0b11110001110100011110001100011110,100,1.8628248748243577e-18,1.5316185959122914e-18
0b10100011111001111001111110000100,8000,9.678596036699596e-18,8.84081511345167e-18
0b10100011111001111001111110000100,4000,5.254711589797613e-18,4.724599427945087e-18
0b10100011111001111001111110000100,2000,3.3972855105469923e-18,2.9818165976121287e-18
0b10100011111001111001111110000100,1000,2.5871474145439394e-18,2.21852132526844e-18
0b10100011111001111001111110000100,500,2.207877741009824e-18,1.8605539968735837e-18
0b10100011111001111001111110000100,400,2.1292742692384356e-18,1.7860238247284903e-18
0b10100011111001111001111110000100,320,2.0627283237187722e-18,1.7227080366216696e-18
0b10100011111001111001111110000100,200,1.9551826567069568e-18,1.6199717257370113e-18
0b10100011111001111001111110000100,100,1.8628248748243577e-18,1.5316185959122914e-18
0b11100111000011010001111111111010,8000,9.678596036699596e-18,8.84081511345167e-18
0b11100111000011010001111111111010,4000,5.254711589797613e-18,4.724599427945087e-18
0b11100111000011010001111111111010,2000,3.3972855105469923e-18,2.9818165976121287e-18
0b11100111000011010001111111111010,1000,2.5871474145439394e-18,2.21852132526844e-18
0b11100111000011010001111111111010,500,2.207877741009824e-18,1.8605539968735837e-18
0b11100111000011010001111111111010,400,2.1292742692384356e-18,1.7860238247284903e-18
0b11100111000011010001111111111010,320,2.0627283237187722e-18,1.7227080366216696e-18
0b11100111000011010001111111111010,200,1.9551826567069568e-18,1.6199717257370113e-18
0b11100111000011010001111111111010,100,1.8628248748243577e-18,1.5316185959122914e-18
0b10000111100010001101011011110111,8000,9.678596036699596e-18,8.84081511345167e-18
0b10000111100010001101011011110111,4000,5.254711589797613e-18,4.724599427945087e-18
0b10000111100010001101011011110111,2000,3.3972855105469923e-18,2.9818165976121287e-18
0b10000111100010001101011011110111,1000,2.5871474145439394e-18,2.21852132526844e-18
0b10000111100010001101011011110111,500,2.207877741009824e-18,1.8605539968735837e-18
0b10000111100010001101011011110111,400,2.1292742692384356e-18,1.7860238247284903e-18
0b10000111100010001101011011110111,320,2.0627283237187722e-18,1.7227080366216696e-18
0b10000111100010001101011011110111,200,1.9551826567069568e-18,1.6199717257370113e-18
0b10000111100010001101011011110111,100,1.8628248748243577e-18,1.5316185959122914e-18
0b11011111100001010011010100000100,8000,9.678596036699596e-18,8.84081511345167e-18
0b11011111100001010011010100000100,4000,5.254711589797613e-18,4.724599427945087e-18
0b11011111100001010011010100000100,2000,3.3972855105469923e-18,2.9818165976121287e-18
0b11011111100001010011010100000100,1000,2.5871474145439394e-18,2.21852132526844e-18
0b11011111100001010011010100000100,500,2.207877741009824e-18,1.8605539968735837e-18
0b11011111100001010011010100000100,400,2.1292742692384356e-18,1.7860238247284903e-18
0b11011111100001010011010100000100,320,2.0627283237187722e-18,1.7227080366216696e-18
0b11011111100001010011010100000100,200,1.9551826567069568e-18,1.6199717257370113e-18
0b11011111100001010011010100000100,100,1.8628248748243577e-18,1.5316185959122914e-18
0b11101011010110000100000001110001,8000,9.678596036699596e-18,8.84081511345167e-18
0b11101011010110000100000001110001,4000,5.254711589797613e-18,4.724599427945087e-18
0b11101011010110000100000001110001,2000,3.3972855105469923e-18,2.9818165976121287e-18
0b11101011010110000100000001110001,1000,2.5871474145439394e-18,2.21852132526844e-18
0b11101011010110000100000001110001,500,2.207877741009824e-18,1.8605539968735837e-18
0b11101011010110000100000001110001,400,2.1292742692384356e-18,1.7860238247284903e-18
0b11101011010110000100000001110001,320,2.0627283237187722e-18,1.7227080366216696e-18
0b11101011010110000100000001110001,200,1.9551826567069568e-18,1.6199717257370113e-18
0b11101011010110000100000001110001,100,1.8628248748243577e-18,1.5316185959122914e-18
0b00110111110101111011100011110110,8000,9.527096709266936e-18,8.690277690103467e-18
0b00110111110101111011100011110110,4000,5.074483263186928e-18,4.544826741282244e-18
0b00110111110101111011100011110110,2000,3.249123411286474e-18,2.833876827475483e-18
0b00110111110101111011100011110110,1000,2.4540383038504157e-18,2.0856127907138892e-18
0b00110111110101111011100011110110,500,2.0718363749164252e-18,1.7246888118403693e-18
0b00110111110101111011100011110110,400,1.9911337044580132e-18,1.6480396087291415e-18
0b00110111110101111011100011110110,320,1.9242553940079886e-18,1.5843807459344616e-18
0b00110111110101111011100011110110,200,1.8176279584277672e-18,1.4825423872966697e-18
0b00110111110101111011100011110110,100,1.7181386030046482e-18,1.387080308882808e-18
0b00011111010100001100101000100100,8000,9.527096709266936e-18,8.690277690103467e-18
0b00011111010100001100101000100100,4000,5.074483263186928e-18,4.544826741282244e-18
0b00011111010100001100101000100100,2000,3.249123411286474e-18,2.833876827475483e-18
0b00011111010100001100101000100100,1000,2.4540383038504157e-18,2.0856127907138892e-18
0b00011111010100001100101000100100,500,2.0718363749164252e-18,1.7246888118403693e-18
0b00011111010100001100101000100100,400,1.9911337044580132e-18,1.6480396087291415e-18
0b00011111010100001100101000100100,320,1.9242553940079886e-18,1.5843807459344616e-18
0b00011111010100001100101000100100,200,1.8176279584277672e-18,1.4825423872966697e-18
0b00011111010100001100101000100100,100,1.7181386030046482e-18,1.387080308882808e-18
0b01010101111100011000001000100110,8000,9.527096709266936e-18,8.690277690103467e-18
0b01010101111100011000001000100110,4000,5.074483263186928e-18,4.544826741282244e-18
0b01010101111100011000001000100110,2000,3.249123411286474e-18,2.833876827475483e-18
0b01010101111100011000001000100110,1000,2.4540383038504157e-18,2.0856127907138892e-18
0b01010101111100011000001000100110,500,2.0718363749164252e-18,1.7246888118403693e-18
0b01010101111100011000001000100110,400,1.9911337044580132e-18,1.6480396087291415e-18
0b01010101111100011000001000100110,320,1.9242553940079886e-18,1.5843807459344616e-18
0b01010101111100011000001000100110,200,1.8176279584277672e-18,1.4825423872966697e-18
0b01010101111100011000001000100110,100,1.7181386030046482e-18,1.387080308882808e-18
0b01100111111110100111000110010111,8000,9.527096709266936e-18,8.690277690103467e-18
0b01100111111110100111000110010111,4000,5.074483263186928e-18,4.544826741282244e-18
0b01100111111110100111000110010111,2000,3.249123411286474e-18,2.833876827475483e-18
0b01100111111110100111000110010111,1000,2.4540383038504157e-18,2.0856127907138892e-18
0b01100111111110100111000110010111,500,2.0718363749164252e-18,1.7246888118403693e-18
0b01100111111110100111000110010111,400,1.9911337044580132e-18,1.6480396087291415e-18
0b01100111111110100111000110010111,320,1.9242553940079886e-18,1.5843807459344616e-18
0b01100111111110100111000110010111,200,1.8176279584277672e-18,1.4825423872966697e-18
0b01100111111110100111000110010111,100,1.7181386030046482e-18,1.387080308882808e-18
0b10100110000111011110111010001110,8000,9.678596036699596e-18,8.84081511345167e-18
0b10100110000111011110111010001110,4000,5.254711589797613e-18,4.724599427945087e-18
0b10100110000111011110111010001110,2000,3.3972855105469923e-18,2.9818165976121287e-18
0b10100110000111011110111010001110,1000,2.5871474145439394e-18,2.21852132526844e-18
0b10100110000111011110111010001110,500,2.207877741009824e-18,1.8605539968735837e-18
0b10100110000111011110111010001110,400,2.1292742692384356e-18,1.7860238247284903e-18
0b10100110000111011110111010001110,320,2.0627283237187722e-18,1.7227080366216696e-18
0b10100110000111011110111010001110,200,1.9551826567069568e-18,1.6199717257370113e-18
0b10100110000111011110111010001110,100,1.8628248748243577e-18,1.5316185959122914e-18
