0b11010101,8000,1.4406008507508017e-18,1.228968402311391e-18
0b11010101,4000,7.714944060176174e-19,6.430051761195695e-19
0b11010101,2000,4.805843558489368e-19,3.827636322391054e-19
0b11010101,1000,3.6307140771487697e-19,2.777650737898464e-19
0b11010101,500,3.0920496968672306e-19,2.2961296142396495e-19
0b11010101,400,2.98265929436466e-19,2.1977197696938953e-19
0b11010101,320,2.8936082727808797e-19,2.117311681932488e-19
0b11010101,200,2.766436153258943e-19,2.0031072823905493e-19
0b11010101,100,2.6574537318481127e-19,1.9051187992420798e-19
0b11111100,8000,1.4129853608628687e-18,1.1970221707682669e-18
0b11111100,4000,7.458285846802832e-19,6.132998493126441e-19
0b11111100,2000,4.517778272574999e-19,3.49859438330225e-19
0b11111100,1000,3.3030211861946007e-19,2.4086139114270254e-19
0b11111100,500,2.7584405923498933e-19,1.9206456170500711e-19
0b11111100,400,2.6511131836716016e-19,1.824259972761673e-19
0b11111100,320,2.5637118295599926e-19,1.7454841303606426e-19
0b11111100,200,2.4283488691307665e-19,1.6230101306035278e-19
0b11111100,100,2.306631547052808e-19,1.5121236603298722e-19
0b01100010,8000,1.4316383596215396e-18,1.2200434469293354e-18
0b01100010,4000,7.629271791360676e-19,6.344817075168425e-19
0b01100010,2000,4.766021765434809e-19,3.7879781733798043e-19
0b01100010,1000,3.606796085899489e-19,2.7538769498699944e-19
0b01100010,500,3.066732140547882e-19,2.270963531850379e-19
0b01100010,400,2.9556758828824725e-19,2.170891867127163e-19
0b01100010,320,2.864600753255334e-19,2.088504225661496e-19
0b01100010,200,2.735886663756021e-19,1.9727504205299802e-19
0b01100010,100,2.627086262157499e-19,1.8749168793117145e-19
0b10101110,8000,1.451702648692443e-18,1.2319479337697741e-18
0b10101110,4000,7.826017256774763e-19,6.462019582703369e-19
0b10101110,2000,4.849571018391522e-19,3.7914046989737286e-19
0b10101110,1000,3.648993354817564e-19,2.714987230487927e-19
0b10101110,500,3.1274123446080153e-19,2.249796516139861e-19
0b10101110,400,3.0249342629691766e-19,2.1580839869886337e-19
0b10101110,320,2.9389746864932097e-19,2.0806921486862223e-19
0b10101110,200,2.8127294670458424e-19,1.9671575856196156e-19
0b10101110,100,2.710867074155774e-19,1.8759828830377985e-19
0b11111001,8000,1.438606978370449e-18,1.226897661945066e-18
0b11111001,4000,7.687406192760172e-19,6.402023714172207e-19
0b11111001,2000,4.7809513361548405e-19,3.8023793764660335e-19
0b11111001,1000,3.599293454635423e-19,2.745928122291387e-19
0b11111001,500,3.063063328436531e-19,2.2668003094729166e-19
0b11111001,400,2.9554927660583194e-19,2.1701833277477253e-19
0b11111001,320,2.867697903355507e-19,2.0911298938269336e-19
0b11111001,200,2.7400115476651997e-19,1.976405174025979e-19
0b11111001,100,2.6286705783946477e-19,1.8760493475720528e-19
0b11000001,8000,1.392904426429201e-18,1.1728486733912139e-18
0b11000001,4000,7.283807070877276e-19,5.919180516571959e-19
0b11000001,2000,4.344416312194524e-19,3.285432370022964e-19
0b11000001,1000,3.1063544912187113e-19,2.1715042717970796e-19
0b11000001,500,2.5338033023473067e-19,1.6553462758250173e-19
0b11000001,400,2.4187173554300857e-19,1.5510403715886665e-19
0b11000001,320,2.3246835306975374e-19,1.46562593333253e-19
0b11000001,200,2.1817068252995215e-19,1.335315594931475e-19
0b11000001,100,2.053511004106375e-19,1.2178238278534448e-19
0b10010111,8000,1.434914928315861e-18,1.2111100531291863e-18
0b10010111,4000,7.67214003794549e-19,6.268614758648769e-19
0b10010111,2000,4.669155250413631e-19,3.5709427099062445e-19
0b10010111,1000,3.4428115907098776e-19,2.468330990850355e-19
0b10010111,500,2.900043187508138e-19,1.9816109744736512e-19
0b10010111,400,2.7939032769177935e-19,1.8861739382185873e-19
0b10010111,320,2.705044043039095e-19,1.8057314868541993e-19
0b10010111,200,2.569833953412988e-19,1.6830939154216404e-19
0b10010111,100,2.4572686830005386e-19,1.5811092058802167e-19
0b00001001,8000,1.3912554738232375e-18,1.1754521252485787e-18
0b00001001,4000,7.27659811642727e-19,5.952344713160954e-19
0b00001001,2000,4.395682155152334e-19,3.3774008496146336e-19
0b00001001,1000,3.1867380576507485e-19,2.293037778507561e-19
0b00001001,500,2.6094966112766937e-19,1.7726418981826373e-19
0b00001001,400,2.4921509775126736e-19,1.6661515841492794e-19
0b00001001,320,2.3962398759706517e-19,1.5788169636429732e-19
0b00001001,200,2.2553237901667814e-19,1.45077014178282e-19
0b00001001,100,2.1311505592604699e-19,1.3374449111304433e-19
0b00110101,8000,1.4172070849686038e-18,1.2055750519757145e-18
0b00110101,4000,7.498702557180153e-19,6.213905621979077e-19
0b00110101,2000,4.611004547532526e-19,3.6327691612117095e-19
0b00110101,1000,3.4163445590487017e-19,2.5632454488057952e-19
0b00110101,500,2.8541027133173063e-19,2.0581575218965303e-19
0b00110101,400,2.740776835655317e-19,1.955801699838701e-19
0b00110101,320,2.648450241933992e-19,1.8721441628091203e-19
0b00110101,200,2.5150908515203634e-19,1.7517880349657466e-19
0b00110101,100,2.398175078780588e-19,1.645856779324027e-19
0b01111100,8000,1.426538603905724e-18,1.206578466236001e-18
0b01111100,4000,7.553512360212145e-19,6.189118776382799e-19
0b01111100,2000,4.58378146883212e-19,3.524986072457529e-19
0b01111100,1000,3.364155229167125e-19,2.4294882688105677e-19
0b01111100,500,2.827919936635222e-19,1.9496517686547683e-19
0b01111100,400,2.7226644993573524e-19,1.8552043945774335e-19
0b01111100,320,2.6353859089690376e-19,1.7764278867990058e-19
0b01111100,200,2.5007722120457043e-19,1.6545416071941029e-19
0b01111100,100,2.383644202553844e-19,1.5481306359319387e-19
0b01101100,8000,1.4386663759176382e-18,1.2147099295845718e-18
0b01101100,4000,7.696949308366455e-19,6.293290461921279e-19
0b01101100,2000,4.681667424258526e-19,3.583088235140767e-19
0b01101100,1000,3.450610044489397e-19,2.4757436194124436e-19
0b01101100,500,2.9177286364900846e-19,1.9988946236338816e-19
0b01101100,400,2.8138832952171284e-19,1.9057172543713808e-19
0b01101100,320,2.7270537885049506e-19,1.8273243990224264e-19
0b01101100,200,2.5951746260871004e-19,1.7080355506994806e-19
0b01101100,100,2.4855368350775725e-19,1.6089973333487857e-19
0b01110011,8000,1.4226572460869404e-18,1.2026692343327623e-18
0b01110011,4000,7.512219024904409e-19,6.147724698480118e-19
0b01110011,2000,4.539314199391722e-19,3.480299055726054e-19
0b01110011,1000,3.3085282692644627e-19,2.3737557371351777e-19
0b01110011,500,2.7547436354916665e-19,1.8764388734167652e-19
0b01110011,400,2.6464406551169706e-19,1.778866750154758e-19
0b01110011,320,2.5566924937746515e-19,1.697648047422139e-19
0b01110011,200,2.418695110576456e-19,1.5723717829234795e-19
0b01110011,100,2.2972212781819913e-19,1.4615975903097613e-19
0b11100100,8000,1.4272388630115147e-18,1.2113978737264858e-18
0b11100100,4000,7.584017307830488e-19,6.259326792656679e-19
0b11100100,2000,4.636865494639964e-19,3.618292596752653e-19
0b11100100,1000,3.431871855499318e-19,2.537937831355628e-19
0b11100100,500,2.8823994506229257e-19,2.0452545822012487e-19
0b11100100,400,2.7717751641833145e-19,1.9454111401986303e-19
0b11100100,320,2.681536033708635e-19,1.863829775863731e-19
0b11100100,200,2.547599996899157e-19,1.7427525954001416e-19
0b11100100,100,2.4312886037321914e-19,1.637278281950016e-19
0b10101111,8000,1.4332886047959783e-18,1.2134659896119439e-18
0b10101111,4000,7.643876600801823e-19,6.27972070571374e-19
0b10101111,2000,4.676078236736817e-19,3.6176386010651183e-19
0b10101111,1000,3.457100126836308e-19,2.5228107031247145e-19
0b10101111,500,2.911874714398291e-19,2.0339745021286157e-19
0b10101111,400,2.805692849515375e-19,1.9385695432644323e-19
0b10101111,320,2.7169216300975217e-19,1.8582973960137652e-19
0b10101111,200,2.5833066536992994e-19,1.7374152010043158e-19
0b10101111,100,2.4718622026897417e-19,1.6366667138369497e-19
0b00010101,8000,1.4161868365632401e-18,1.2045989969577674e-18
0b00010101,4000,7.499551219644445e-19,6.215118835072581e-19
0b00010101,2000,4.631965616776792e-19,3.6540234280569576e-19
0b00010101,1000,3.4508004687827975e-19,2.5980118498703616e-19
0b00010101,500,2.888573096555797e-19,2.092927400004901e-19
0b00010101,400,2.7737813065221405e-19,1.9891872965395896e-19
0b00010101,320,2.6802079806044876e-19,1.9042304254736582e-19
0b00010101,200,2.5476123992813455e-19,1.784612120819769e-19
0b00010101,100,2.4319271959666834e-19,1.6798924417762394e-19
0b11111000,8000,1.4253580276769522e-18,1.209431379853114e-18
0b11111000,4000,7.557078718065181e-19,6.232053505319148e-19
0b11111000,2000,4.612362515137674e-19,3.593410464357846e-19
0b11111000,1000,3.4005719420560584e-19,2.506390972637951e-19
0b11111000,500,2.8534099304951017e-19,2.0159388563203646e-19
0b11111000,400,2.744505754828709e-19,1.9179282519349075e-19
0b11111000,320,2.6556868085286025e-19,1.8377300885648536e-19
0b11111000,200,2.5216242401338864e-19,1.7164969785588567e-19
0b11111000,100,2.402834614781287e-19,1.6085174024825786e-19
0b10101100,8000,1.438558142734708e-18,1.2145893300531058e-18
0b10101100,4000,7.696349739671722e-19,6.292456538502501e-19
0b10101100,2000,4.681258429597768e-19,3.582673016029526e-19
0b10101100,1000,3.4504034942432906e-19,2.475546424588184e-19
0b10101100,500,2.917711996030716e-19,1.9988633496061111e-19
0b10101100,400,2.813886772160912e-19,1.905680585912266e-19
0b10101100,320,2.7269819592776107e-19,1.8272390951792171e-19
0b10101100,200,2.5946981432998873e-19,1.7075834560302777e-19
0b10101100,100,2.4852143528008094e-19,1.6086647690936564e-19
0b00001101,8000,1.3965098303418997e-18,1.1806029314880702e-18
0b00001101,4000,7.329656100661767e-19,6.004710422851319e-19
0b00001101,2000,4.415053478084915e-19,3.3963123832751115e-19
0b00001101,1000,3.2003173854495627e-19,2.3062210897193417e-19
0b00001101,500,2.6333530041011496e-19,1.7960771557303498e-19
0b00001101,400,2.519744660884856e-19,1.6933707671122997e-19
0b00001101,320,2.4271634498474434e-19,1.6093787211314524e-19
0b00001101,200,2.2883378346868503e-19,1.483357694131841e-19
0b00001101,100,2.1644479745089776e-19,1.3703209265829316e-19
0b11100011,8000,1.4367086586768712e-18,1.2207773609443308e-18
0b11100011,4000,7.635551371470394e-19,6.3103332596771915e-19
0b11100011,2000,4.674668449297513e-19,3.655691775945615e-19
0b11100011,1000,3.4773466638362925e-19,2.58307667639322e-19
0b11100011,500,2.940261694257697e-19,2.1027926381459233e-19
0b11100011,400,2.8334065651472086e-19,2.0067735458977644e-19
0b11100011,320,2.7460190890386555e-19,1.928046929914669e-19
0b11100011,200,2.61420267198406e-19,1.8090437836281232e-19
0b11100011,100,2.497208958273637e-19,1.702880163812888e-19
0b11100110,8000,1.4403868965855858e-18,1.2287589259575108e-18
0b11100110,4000,7.713564610295473e-19,6.428868735259319e-19
0b11100110,2000,4.80512442254442e-19,3.826863679522547e-19
0b11100110,1000,3.6303257591489016e-19,2.7772835705588637e-19
0b11100110,500,3.0920227674345677e-19,2.2961005904821307e-19
0b11100110,400,2.9825788197384836e-19,2.1976606172693594e-19
0b11100110,320,2.8934386592879787e-19,2.117147770764948e-19
0b11100110,200,2.765495266189989e-19,2.00221339458659e-19
0b11100110,100,2.656806039672104e-19,1.9044747674282805e-19
0b01000101,8000,1.4135369970444522e-18,1.201963323506483e-18
0b01000101,4000,7.4829113833926745e-19,6.198430002160371e-19
0b01000101,2000,4.615266949215375e-19,3.6373205727440816e-19
0b01000101,1000,3.440362005217971e-19,2.5875965000766867e-19
0b01000101,500,2.879534378739451e-19,2.0838746147119332e-19
0b01000101,400,2.7648266994548666e-19,1.9801627921661893e-19
0b01000101,320,2.671170508863473e-19,1.8951638657644448e-19
0b01000101,200,2.5386544995245864e-19,1.7756408741256384e-19
0b01000101,100,2.4234501433666867e-19,1.6713841087086678e-19
0b01101001,8000,1.4408349369250903e-18,1.2334612361434516e-18
0b01101001,4000,7.76267968619144e-19,6.517838228901255e-19
0b01101001,2000,4.904908503567452e-19,3.967261263051219e-19
0b01101001,1000,3.762990427411174e-19,2.950968732835789e-19
0b01101001,500,3.2260815012618477e-19,2.4716203353928664e-19
0b01101001,400,3.1155363623236895e-19,2.372130578333025e-19
0b01101001,320,3.0249594213685135e-19,2.2903260673201546e-19
0b01101001,200,2.9015501188446275e-19,2.180013847840348e-19
0b01101001,100,2.7990507360768504e-19,2.0886113747993493e-19
0b01001010,8000,1.4133048073793102e-18,1.2017246787101637e-18
0b01001010,4000,7.481649357893297e-19,6.196945657218657e-19
0b01001010,2000,4.614464034072258e-19,3.636520104286698e-19
0b01001010,1000,3.440063527103909e-19,2.5872241573345393e-19
0b01001010,500,2.879438525476461e-19,2.0838151689256373e-19
0b01001010,400,2.7647956225075365e-19,1.9801082814292517e-19
0b01001010,320,2.6709788297852917e-19,1.8949727179610346e-19
0b01001010,200,2.537773895435562e-19,1.7747528578050726e-19
0b01001010,100,2.4228231865558383e-19,1.6707490511550996e-19
0b11000101,8000,1.4155492099413699e-18,1.1997020538800296e-18
0b11000101,4000,7.489864056261171e-19,6.165345375609783e-19
0b11000101,2000,4.565879369511303e-19,3.5472674436754086e-19
0b11000101,1000,3.361892224850198e-19,2.467949608528459e-19
0b11000101,500,2.806095736090178e-19,1.968904754581861e-19
0b11000101,400,2.6936794735020163e-19,1.8673588088321952e-19
0b11000101,320,2.6018246505290135e-19,1.7841378969097574e-19
0b11000101,200,2.466767572675206e-19,1.661943985914305e-19
0b11000101,100,2.347579417965271e-19,1.553566357555194e-19
0b11110000,8000,1.4028833581635617e-18,1.1827485839852634e-18
0b11110000,4000,7.352066943518014e-19,5.987332059285742e-19
0b11110000,2000,4.389128987170868e-19,3.329816598267102e-19
0b11110000,1000,3.141991364657677e-19,2.2068516207263765e-19
0b11110000,500,2.5787599385983986e-19,1.7000555341309851e-19
0b11110000,400,2.4673112829351265e-19,1.5993382430144106e-19
0b11110000,320,2.376416909960621e-19,1.517006342155668e-19
0b11110000,200,2.2347621907181727e-19,1.3880720474651968e-19
0b11110000,100,2.1067608026900563e-19,1.2707757941551669e-19
0b11011100,8000,1.4448028017509972e-18,1.224854602491668e-18
0b11011100,4000,7.705453184465141e-19,6.341025916257208e-19
0b11011100,2000,4.707261089601301e-19,3.648428852837845e-19
0b11011100,1000,3.5004402529658466e-19,2.565806381941231e-19
0b11011100,500,2.979792043764444e-19,2.1015601205985392e-19
0b11011100,400,2.879123665558023e-19,2.0116493797388836e-19
0b11011100,320,2.79624725534307e-19,1.9372992043667323e-19
0b11011100,200,2.666786508924711e-19,1.8205735760946569e-19
0b11011100,100,2.5534514767933697e-19,1.7179575720517733e-19
0b00100010,8000,1.4069258662195537e-18,1.1911160567445097e-18
0b00100010,4000,7.365499223959338e-19,6.041074596091731e-19
0b00100010,2000,4.492450767182627e-19,3.4741616835476185e-19
0b00100010,1000,3.2946190420199303e-19,2.4010061910561197e-19
0b00100010,500,2.7297801399250193e-19,1.8928804755200363e-19
0b00100010,400,2.6146060300596986e-19,1.788579051041607e-19
0b00100010,320,2.520299068347544e-19,1.7028959163825908e-19
0b00100010,200,2.3816023395084474e-19,1.577042574669798e-19
0b00100010,100,2.2598746685077273e-19,1.4661566618650187e-19
0b01100110,8000,1.4408332674091042e-18,1.2334613052258623e-18
0b01100110,4000,7.762492812727578e-19,6.517842258191218e-19
0b01100110,2000,4.90490236690525e-19,3.9672507622654705e-19
0b01100110,1000,3.762992181878703e-19,2.950978222617146e-19
0b01100110,500,3.226060698920017e-19,2.4716193156991443e-19
0b01100110,400,3.115550587349198e-19,2.3721000318495e-19
0b01100110,320,3.024964315192087e-19,2.2903286907965214e-19
0b01100110,200,2.901562339477533e-19,2.1800267649723725e-19
0b01100110,100,2.7990580075381837e-19,2.0886033342004852e-19
0b00110101,8000,nan,nan
0b00110101,4000,nan,nan
0b00110101,2000,nan,nan
0b00110101,1000,nan,nan
0b00110101,500,nan,nan
0b00110101,400,nan,nan
0b00110101,320,nan,nan
0b00110101,200,nan,nan
0b00110101,100,nan,nan
0b00110001,8000,1.3946249980248052e-18,1.1787483995635688e-18
0b00110001,4000,7.293432807837707e-19,5.9687382309284345e-19
0b00110001,2000,4.388277568786136e-19,3.3696609006441836e-19
0b00110001,1000,3.158408432389403e-19,2.2644977416039627e-19
0b00110001,500,2.5802572344609514e-19,1.7429694323124688e-19
0b00110001,400,2.4642390776689124e-19,1.6379103881533607e-19
0b00110001,320,2.369765850393347e-19,1.552034626731588e-19
0b00110001,200,2.2284234227287704e-19,1.4235821074738934e-19
0b00110001,100,2.1024440607939353e-19,1.3084231651629127e-19
0b00101101,8000,1.4345931192157068e-18,1.2188766520639129e-18
0b00101101,4000,7.648737633094647e-19,6.324192647362736e-19
0b00101101,2000,4.706724162811618e-19,3.688348593183774e-19
0b00101101,1000,3.505449071376978e-19,2.6117963536972016e-19
0b00101101,500,2.9644168565982313e-19,2.127498188510893e-19
0b00101101,400,2.857348275307943e-19,2.0313027090884286e-19
0b00101101,320,2.7695189084649375e-19,1.9521338365687616e-19
0b00101101,200,2.641285493715417e-19,1.8367372181846757e-19
0b00101101,100,2.530559973997474e-19,1.7368589286414871e-19
0b11111110,8000,1.4261103550911362e-18,1.2143368913419925e-18
0b11111110,4000,7.587884617298769e-19,6.30245857313883e-19
0b11111110,2000,4.685997751914951e-19,3.7072677174212043e-19
0b11111110,1000,3.501647926874219e-19,2.648105620142113e-19
0b11111110,500,2.9680788883508044e-19,2.171689140066515e-19
0b11111110,400,2.86209463992416e-19,2.076664415202098e-19
0b11111110,320,2.7756981493801172e-19,1.9989417279649544e-19
0b11111110,200,2.6463887313554566e-19,1.8825759800798135e-19
0b11111110,100,2.532252122399308e-19,1.7794231863232449e-19
0b00010011,8000,1.4125302608061397e-18,1.196661306160433e-18
0b00010011,4000,7.4250146049622895e-19,6.100323564583315e-19
0b00010011,2000,4.502700473546035e-19,3.484042732564043e-19
0b00010011,1000,3.301063830925474e-19,2.4070612641546153e-19
0b00010011,500,2.7419451063097213e-19,1.904731245065138e-19
0b00010011,400,2.630007285491323e-19,1.8036319806159476e-19
0b00010011,320,2.5385916200842707e-19,1.7209363975750333e-19
0b00010011,200,2.4016464561592196e-19,1.5967743605207127e-19
0b00010011,100,2.2793610341564926e-19,1.485323670431193e-19
0b11000001,8000,nan,nan
0b11000001,4000,nan,nan
0b11000001,2000,nan,nan
0b11000001,1000,nan,nan
0b11000001,500,nan,nan
0b11000001,400,nan,nan
0b11000001,320,nan,nan
0b11000001,200,nan,nan
0b11000001,100,nan,nan
0b10010001,8000,1.4317487080066833e-18,1.2201424188572824e-18
0b10010001,4000,7.630064638384374e-19,6.345354763032376e-19
0b10010001,2000,4.766444656770946e-19,3.788368364027906e-19
0b10010001,1000,3.6069766568845786e-19,2.7540772062705315e-19
0b10010001,500,3.066733950990188e-19,2.2709948184688546e-19
0b10010001,400,2.955746467040288e-19,2.1709124458189113e-19
0b10010001,320,2.8647097160022744e-19,2.0885750533437535e-19
0b10010001,200,2.7363209287354256e-19,1.973200575957318e-19
0b10010001,100,2.62739887578894e-19,1.8752422975016206e-19
0b00100000,8000,1.3937784738622338e-18,1.1737668042545333e-18
0b00100000,4000,7.236142608152602e-19,5.871845868248409e-19
0b00100000,2000,4.3242364678799084e-19,3.265567853831713e-19
0b00100000,1000,3.096150869193699e-19,2.1616182849083047e-19
0b00100000,500,2.520209162815956e-19,1.6420915412150707e-19
0b00100000,400,2.4036583084107375e-19,1.53629269586198e-19
0b00100000,320,2.308349320313207e-19,1.4495603594370196e-19
0b00100000,200,2.1636671275306807e-19,1.3175852388901132e-19
0b00100000,100,2.0343081835047047e-19,1.1989072981820002e-19
0b11000010,8000,1.3927926404585113e-18,1.1727274396702583e-18
0b11000010,4000,7.283123063258665e-19,5.918591022122488e-19
0b11000010,2000,4.344018049395758e-19,3.2850128477049953e-19
0b11000010,1000,3.106175571786206e-19,2.171335956191729e-19
0b11000010,500,2.53376157801966e-19,1.655352276057724e-19
0b11000010,400,2.4186996657973745e-19,1.5510489683111455e-19
0b11000010,320,2.32459972958123e-19,1.4655280753444324e-19
0b11000010,200,2.181257316706996e-19,1.3348576339069884e-19
0b11000010,100,2.0531889936886555e-19,1.217512756536563e-19
0b10111011,8000,1.4419761770264431e-18,1.2221718177815749e-18
0b10111011,4000,7.665200812914034e-19,6.3009549834655785e-19
0b10111011,2000,4.69352115557152e-19,3.6351016536981204e-19
0b10111011,1000,3.4860715727565995e-19,2.5518248841119575e-19
0b10111011,500,2.954449910919446e-19,2.0766266843936473e-19
0b10111011,400,2.851331312931846e-19,1.9842559707157642e-19
0b10111011,320,2.763723614897034e-19,1.9052014095756834e-19
0b10111011,200,2.6305473842143986e-19,1.7847052071972159e-19
0b10111011,100,2.515419561510384e-19,1.680291318983091e-19
0b00110100,8000,1.4039499299110122e-18,1.1880928458946008e-18
0b00110100,4000,7.368597501115118e-19,6.043799483299053e-19
0b00110100,2000,4.442464074802097e-19,3.4237651572503943e-19
0b00110100,1000,3.217643591544888e-19,2.3236837227899865e-19
0b00110100,500,2.6445499571150216e-19,1.807309177817925e-19
0b00110100,400,2.5298939282033136e-19,1.7034998190707014e-19
0b00110100,320,2.436444378511326e-19,1.6187541228070512e-19
0b00110100,200,2.2967169739867178e-19,1.491873851065415e-19
0b00110100,100,2.1723250992577345e-19,1.3783003195439147e-19
0b10110101,8000,1.4521692782945454e-18,1.2364851845796413e-18
0b10110101,4000,7.782966662697072e-19,6.458599701868255e-19
0b10110101,2000,4.847663777053631e-19,3.829432882981167e-19
0b10110101,1000,3.6606918751186415e-19,2.7670954671077506e-19
0b10110101,500,3.1325588430221955e-19,2.29575881209289e-19
0b10110101,400,3.0270206272077907e-19,2.2011465498632327e-19
0b10110101,320,2.9394301557359144e-19,2.1221540537367316e-19
0b10110101,200,2.812466253144186e-19,2.0080254040387005e-19
0b10110101,100,2.7058025949202883e-19,1.9121789396362452e-19
0b01100101,8000,1.4409522310399106e-18,1.233573430208364e-18
0b01100101,4000,7.763265146363439e-19,6.518425644715931e-19
0b01100101,2000,4.905347440209264e-19,3.9676506371413526e-19
0b01100101,1000,3.763184605225732e-19,2.951207658929823e-19
0b01100101,500,3.226112558585397e-19,2.471632753063728e-19
0b01100101,400,3.1155384703370106e-19,2.372142935347193e-19
0b01100101,320,3.0250482833984914e-19,2.2904340583860156e-19
0b01100101,200,2.901993188495339e-19,2.1804545309659585e-19
0b01100101,100,2.7993612341935707e-19,2.0889210214470404e-19
0b00101101,8000,nan,nan
0b00101101,4000,nan,nan
0b00101101,2000,nan,nan
0b00101101,1000,nan,nan
0b00101101,500,nan,nan
0b00101101,400,nan,nan
0b00101101,320,nan,nan
0b00101101,200,nan,nan
0b00101101,100,nan,nan
0b00110100,8000,nan,nan
0b00110100,4000,nan,nan
0b00110100,2000,nan,nan
0b00110100,1000,nan,nan
0b00110100,500,nan,nan
0b00110100,400,nan,nan
0b00110100,320,nan,nan
0b00110100,200,nan,nan
0b00110100,100,nan,nan
0b01010111,8000,1.4350157174381943e-18,1.2112308741463638e-18
0b01010111,4000,7.6728646844081165e-19,6.269379765970668e-19
0b01010111,2000,4.669511326451253e-19,3.5713371933581253e-19
0b01010111,1000,3.4430047646591667e-19,2.468497502174528e-19
0b01010111,500,2.9001310664563903e-19,1.9816477314293554e-19
0b01010111,400,2.7939305741541576e-19,1.886176910810893e-19
0b01010111,320,2.705201689336065e-19,1.8058377397657317e-19
0b01010111,200,2.570287426983152e-19,1.6835530180226084e-19
0b01010111,100,2.457601874010768e-19,1.5814285485708237e-19
0b01010001,8000,1.4318663299552043e-18,1.2202713135151074e-18
0b01010001,4000,7.630646953303402e-19,6.345999279192631e-19
0b01010001,2000,4.766813122198247e-19,3.7887624092790854e-19
0b01010001,1000,3.607173520929555e-19,2.7542873839292026e-19
0b01010001,500,3.066778951233879e-19,2.2710100887756327e-19
0b01010001,400,2.9557520308972735e-19,2.1709762069696284e-19
0b01010001,320,2.8647961604099096e-19,2.0886875297364385e-19
0b01010001,200,2.736757064188583e-19,1.973653596495146e-19
0b01010001,100,2.6276985855380978e-19,1.875552984955273e-19
0b10001011,8000,1.417012717884584e-18,1.2012940929256256e-18
0b10001011,4000,7.5099767683023945e-19,6.185438209553778e-19
0b10001011,2000,4.562178207877224e-19,3.543781092296665e-19
0b10001011,1000,3.357581176645025e-19,2.463955136316651e-19
0b10001011,500,2.7964847597300705e-19,1.9595561738817797e-19
0b10001011,400,2.6847971877547633e-19,1.8588016763857556e-19
0b10001011,320,2.593190564076956e-19,1.7758048546074565e-19
0b10001011,200,2.456486222942075e-19,1.6519252876108627e-19
0b10001011,100,2.3381120228310583e-19,1.5443864173548036e-19
0b00101000,8000,1.4027130194355211e-18,1.186904080788635e-18
0b00101000,4000,7.36810798963985e-19,6.043725641884154e-19
0b00101000,2000,4.462618585344857e-19,3.4442885751080744e-19
0b00101000,1000,3.2517719221523746e-19,2.3581079984351376e-19
0b00101000,500,2.6788973018419023e-19,1.8420303861376677e-19
0b00101000,400,2.562816180558374e-19,1.7368200930872827e-19
0b00101000,320,2.4680474274388863e-19,1.650626709578523e-19
0b00101000,200,2.328370067809068e-19,1.523799872741872e-19
0b00101000,100,2.205441186641647e-19,1.411703128342385e-19
0b00001000,8000,1.3780121139793158e-18,1.1579873063423521e-18
0b00001000,4000,7.146565766497998e-19,5.782257949630417e-19
0b00001000,2000,4.2270967955005115e-19,3.168417273738152e-19
0b00001000,1000,2.9880431289145004e-19,2.0535018236488893e-19
0b00001000,500,2.3999395863912166e-19,1.5217886040196352e-19
0b00001000,400,2.281232217265383e-19,1.413863853746326e-19
0b00001000,320,2.1841891806076735e-19,1.3254101227512795e-19
0b00001000,200,2.0369735241709374e-19,1.190852066771883e-19
0b00001000,100,1.9052931318453853e-19,1.0698869792795404e-19
0b01110010,8000,1.4295776825634172e-18,1.2096676903804429e-18
0b01110010,4000,7.577449013876456e-19,6.213274468788088e-19
0b01110010,2000,4.624137488399628e-19,3.565534147269633e-19
0b01110010,1000,3.401822971620605e-19,2.467429273560245e-19
0b01110010,500,2.857914042462897e-19,1.9798369844610712e-19
0b01110010,400,2.7498430677619344e-19,1.8825713945701174e-19
0b01110010,320,2.660036563292302e-19,1.8013398253330263e-19
0b01110010,200,2.5251825067027514e-19,1.6791622940507493e-19
0b01110010,100,2.4094445813962304e-19,1.5741503425539298e-19
0b11110100,8000,1.425449909978567e-18,1.2095487911052893e-18
0b11110100,4000,7.557651991108282e-19,6.232634384762844e-19
0b11110100,2000,4.612762349841614e-19,3.5937951932657876e-19
0b11110100,1000,3.400761451632658e-19,2.5065314879830736e-19
0b11110100,500,2.8534545000705425e-19,2.0159785353476132e-19
0b11110100,400,2.7445319441434845e-19,1.9179589795676533e-19
0b11110100,320,2.655803726272799e-19,1.8378054341851126e-19
0b11110100,200,2.5221095483135295e-19,1.716945805424944e-19
0b11110100,100,2.403150352122676e-19,1.6088392340701696e-19
0b10000000,8000,1.3775599838136055e-18,1.1575401002449886e-18
0b10000000,4000,7.1461875271594605e-19,5.781957351052961e-19
0b10000000,2000,4.2254129703948473e-19,3.166686302347481e-19
0b10000000,1000,2.9865795907552e-19,2.0520277669253055e-19
0b10000000,500,2.3982470989301164e-19,1.5200762288878893e-19
0b10000000,400,2.2795442611974203e-19,1.412176397276949e-19
0b10000000,320,2.182556705198556e-19,1.323738406903135e-19
0b10000000,200,2.0353819773020664e-19,1.1892648034981277e-19
0b10000000,100,1.9037851709222628e-19,1.0683511485510331e-19
0b00010110,8000,1.4160690329031047e-18,1.2044896200252242e-18
0b00010110,4000,7.499056154934763e-19,6.214371181095389e-19
0b00010110,2000,4.631558548093189e-19,3.653602655859896e-19
0b00010110,1000,3.45060856028844e-19,2.5978162825631095e-19
0b00010110,500,2.8885280413083347e-19,2.0928775722295114e-19
0b00010110,400,2.773774613072221e-19,1.9891879939453524e-19
0b00010110,320,2.6801188151927866e-19,1.9041453731773468e-19
0b00010110,200,2.5471721024706836e-19,1.7841614887382603e-19
0b00010110,100,2.4316221942008557e-19,1.6795786425210737e-19
0b11011001,8000,1.440504791836745e-18,1.2288744811430941e-18
0b11011001,4000,7.714228910496407e-19,6.429325611469405e-19
0b11011001,2000,4.805485538710108e-19,3.827253907577088e-19
0b11011001,1000,3.6305683464976295e-19,2.7774964238772706e-19
0b11011001,500,3.092066023304056e-19,2.296143764852023e-19
0b11011001,400,2.982615603711975e-19,2.197685968080664e-19
0b11011001,320,2.8934982333013985e-19,2.117240241986014e-19
0b11011001,200,2.7659770229837077e-19,2.002660662588007e-19
0b11011001,100,2.657121332123817e-19,1.9047914354031628e-19
0b10010001,8000,nan,nan
0b10010001,4000,nan,nan
0b10010001,2000,nan,nan
0b10010001,1000,nan,nan
0b10010001,500,nan,nan
0b10010001,400,nan,nan
0b10010001,320,nan,nan
0b10010001,200,nan,nan
0b10010001,100,nan,nan
0b01100100,8000,1.4276992174825802e-18,1.2160975612926847e-18
0b01100100,4000,7.633170549976808e-19,6.34839385905959e-19
0b01100100,2000,4.73671537926258e-19,3.7586774792326566e-19
0b01100100,1000,3.5645166344639107e-19,2.711687358664153e-19
0b01100100,500,3.016481037607113e-19,2.2208038767970097e-19
0b01100100,400,2.904612759253289e-19,2.1198532533345523e-19
0b01100100,320,2.8130646184724196e-19,2.036996850611756e-19
0b01100100,200,2.683666114638852e-19,1.9205652926306566e-19
0b01100100,100,2.573538902503213e-19,1.821396340503428e-19
0b10101101,8000,1.4518014788592381e-18,1.2320536461053608e-18
0b10101101,4000,7.826618846835716e-19,6.462555496882524e-19
0b10101101,2000,4.850006417101872e-19,3.791829698742619e-19
0b10101101,1000,3.649164137464731e-19,2.7151711206506486e-19
0b10101101,500,3.1274483071453865e-19,2.2498505604765415e-19
0b10101101,400,3.0249304156592213e-19,2.1580978110282167e-19
0b10101101,320,2.9390685147696634e-19,2.080788271638085e-19
0b10101101,200,2.8131752208850577e-19,1.9676014743052748e-19
0b10101101,100,2.711172671641025e-19,1.8763032843228847e-19
0b01100000,8000,1.4185018463321865e-18,1.2026894963709612e-18
0b01100000,4000,7.499938434917326e-19,6.175324614093925e-19
0b01100000,2000,4.597907309922691e-19,3.579375905051207e-19
0b01100000,1000,3.408322932996869e-19,2.514582957067857e-19
0b01100000,500,2.8571738039135396e-19,2.0201774484802306e-19
0b01100000,400,2.7447273970905385e-19,1.9186461955600717e-19
0b01100000,320,2.6526773570338666e-19,1.835208925670223e-19
0b01100000,200,2.5179543137377506e-19,1.7132979685340888e-19
0b01100000,100,2.4015372739355866e-19,1.6076945079439763e-19
0b11101010,8000,1.4402879251172286e-18,1.2286454177788023e-18
0b11101010,4000,7.713077326763285e-19,6.428095680482113e-19
0b11101010,2000,4.80473443144356e-19,3.826447030607801e-19
0b11101010,1000,3.6301827667148635e-19,2.7771004895051356e-19
0b11101010,500,3.09196635188881e-19,2.2960617096693295e-19
0b11101010,400,2.9825564277232734e-19,2.1976764502773398e-19
0b11101010,320,2.8933336386085964e-19,2.1170578733558206e-19
0b11101010,200,2.765055550850105e-19,2.001763223756005e-19
0b11101010,100,2.6564950236706917e-19,1.9041639608134462e-19
0b00000001,8000,1.3687375641573453e-18,1.1487348464752558e-18
0b00000001,4000,7.071586286789507e-19,5.707293989829356e-19
0b00000001,2000,4.175196161323643e-19,3.1165400918918913e-19
0b00000001,1000,2.9319225916529803e-19,1.9974286731177986e-19
0b00000001,500,2.3378825582128057e-19,1.4597792480695146e-19
0b00000001,400,2.21782714353648e-19,1.3504690755548969e-19
0b00000001,320,2.1197929421506183e-19,1.2609948741102805e-19
0b00000001,200,1.97130349033643e-19,1.1251974916850848e-19
0b00000001,100,1.8379821307587009e-19,1.002587936544022e-19
0b10001010,8000,1.4132085911021815e-18,1.2016073790537739e-18
0b10001010,4000,7.480967611632211e-19,6.196418839042158e-19
0b10001010,2000,4.614099052663579e-19,3.636108504882803e-19
0b10001010,1000,3.4398127031319033e-19,2.5870144633786967e-19
0b10001010,500,2.879416850274165e-19,2.0838037512698112e-19
0b10001010,400,2.7647583561770113e-19,1.9800400661688053e-19
0b10001010,320,2.6709026959082566e-19,1.894856958778725e-19
0b10001010,200,2.537308167238154e-19,1.7742826114523169e-19
0b10001010,100,2.4224909075168045e-19,1.6704402335277047e-19
0b00101001,8000,1.4159641468430132e-18,1.2043712839141161e-18
0b00101001,4000,7.498366439041139e-19,6.213582765425452e-19
0b00101001,2000,4.631215310105039e-19,3.653250733440405e-19
0b00101001,1000,3.450458631063344e-19,2.5976560053789863e-19
0b00101001,500,2.8885217579098366e-19,2.0928453044098834e-19
0b00101001,400,2.7737398265946762e-19,1.989175787001696e-19
0b00101001,320,2.6799979746519725e-19,1.9040671188737226e-19
0b00101001,200,2.546716887584864e-19,1.7837146335763855e-19
0b00101001,100,2.431293999669856e-19,1.6792507694522537e-19
0b11001010,8000,1.4153471365554237e-18,1.1994881049034405e-18
0b11001010,4000,7.4885205287653465e-19,6.163745374599911e-19
0b11001010,2000,4.565121327105071e-19,3.5465089192075584e-19
0b11001010,1000,3.361495649745284e-19,2.4675495463026185e-19
0b11001010,500,2.8060459744061063e-19,1.9688496542714312e-19
0b11001010,400,2.6936070286228595e-19,1.8673316504188797e-19
0b11001010,320,2.601672967718428e-19,1.7839737383180996e-19
0b11001010,200,2.4658854766206674e-19,1.6610324728773431e-19
0b11001010,100,2.3469505646984275e-19,1.5529490902560335e-19
0b10111101,8000,1.4396553245659485e-18,1.2238967081213025e-18
0b10111101,4000,7.683163952512274e-19,6.358461806153023e-19
0b10111101,2000,4.752111067139309e-19,3.733655220134757e-19
0b10111101,1000,3.562705744263997e-19,2.6689951229191777e-19
0b10111101,500,3.0375850637476645e-19,2.200612206902936e-19
0b10111101,400,2.93368601528905e-19,2.1075747894108938e-19
0b10111101,320,2.8473929170764875e-19,2.029844726465606e-19
0b10111101,200,2.718784757922189e-19,1.9141112042669885e-19
0b10111101,100,2.609266416153849e-19,1.8154289448669868e-19
0b10111111,8000,1.421115721580065e-18,1.205276512036408e-18
0b10111111,4000,7.50094386673128e-19,6.175997325956445e-19
0b10111111,2000,4.57908130847551e-19,3.5602904666953763e-19
0b10111111,1000,3.370947458160074e-19,2.476898396973664e-19
0b10111111,500,2.8220556054868236e-19,1.984730818219004e-19
0b10111111,400,2.7144254068852837e-19,1.8879893388628346e-19
0b10111111,320,2.625284699407708e-19,1.8074277997085385e-19
0b10111111,200,2.4889692284768155e-19,1.6839901077089525e-19
0b10111111,100,2.370085896955333e-19,1.575935260338282e-19
0b10011000,8000,1.427583805135315e-18,1.2159913475620377e-18
0b10011000,4000,7.632467648168672e-19,6.347685426718659e-19
0b10011000,2000,4.736348473469003e-19,3.758296383847141e-19
0b10011000,1000,3.564327807267744e-19,2.711494107754809e-19
0b10011000,500,3.0164912459423886e-19,2.2207686046270463e-19
0b10011000,400,2.9045972131102146e-19,2.1198109099964403e-19
0b10011000,320,2.8129952775419346e-19,2.0369341755066605e-19
0b10011000,200,2.6832042865835004e-19,1.9201271270313536e-19
0b10011000,100,2.5732166174184036e-19,1.8210762526989945e-19
0b11111011,8000,1.4284164857351672e-18,1.2125761538176881e-18
0b11111011,4000,7.570419093140013e-19,6.24542482626729e-19
0b11111011,2000,4.628096156982902e-19,3.6093709902913752e-19
0b11111011,1000,3.4253968141964285e-19,2.5313047188583893e-19
0b11111011,500,2.886355426634026e-19,2.0490170467528744e-19
0b11111011,400,2.781346838105795e-19,1.9548963038691022e-19
0b11111011,320,2.693967180585393e-19,1.876115423903281e-19
0b11111011,200,2.560622531914754e-19,1.7556279656523166e-19
0b11111011,100,2.4423519973968893e-19,1.648201464195934e-19
0b00101111,8000,1.415847815040681e-18,1.2000492328174377e-18
0b00101111,4000,7.465495650334551e-19,6.140643806381048e-19
0b00101111,2000,4.532658490697253e-19,3.5139751927834013e-19
0b00101111,1000,3.3130837699629656e-19,2.4190891186046704e-19
0b00101111,500,2.7495768868847695e-19,1.9123272675668587e-19
0b00101111,400,2.6389793496025716e-19,1.8126281005881004e-19
0b00101111,320,2.5485638672095533e-19,1.7308208709603424e-19
0b00101111,200,2.4128160887459007e-19,1.6079268698257463e-19
0b00101111,100,2.294242964369424e-19,1.50019177139599e-19
0b10000100,8000,1.4001682922428114e-18,1.184377723669925e-18
0b10000100,4000,7.352128316939381e-19,6.027705509438089e-19
0b10000100,2000,4.446352204604079e-19,3.427980087032042e-19
0b10000100,1000,3.241585406494937e-19,2.347844637138102e-19
0b10000100,500,2.669885500686636e-19,1.832979528569264e-19
0b10000100,400,2.553884123375471e-19,1.727847999501022e-19
0b10000100,320,2.459050878148677e-19,1.6416418359578866e-19
0b10000100,200,2.3198702008516265e-19,1.5152881159744937e-19
0b10000100,100,2.1972660521332863e-19,1.4035257440645828e-19
0b01100000,8000,nan,nan
0b01100000,4000,nan,nan
0b01100000,2000,nan,nan
0b01100000,1000,nan,nan
0b01100000,500,nan,nan
0b01100000,400,nan,nan
0b01100000,320,nan,nan
0b01100000,200,nan,nan
0b01100000,100,nan,nan
0b00010110,8000,nan,nan
0b00010110,4000,nan,nan
0b00010110,2000,nan,nan
0b00010110,1000,nan,nan
0b00010110,500,nan,nan
0b00010110,400,nan,nan
0b00010110,320,nan,nan
0b00010110,200,nan,nan
0b00010110,100,nan,nan
0b11101011,8000,1.4294842636439625e-18,1.2096918579109903e-18
0b11101011,4000,7.5863185310569385e-19,6.222219555971238e-19
0b11101011,2000,4.613254201775899e-19,3.554812150572992e-19
0b11101011,1000,3.390210638867103e-19,2.456028590445729e-19
0b11101011,500,2.841683775185001e-19,1.9638435312112556e-19
0b11101011,400,2.733886800129276e-19,1.866790642208102e-19
0b11101011,320,2.645460061037002e-19,1.7869072439573817e-19
0b11101011,200,2.5680468405268254e-19,1.7221824697163536e-19
0b11101011,100,2.4749091125623003e-19,1.6397785564917466e-19
0b11111101,8000,1.4262097945546286e-18,1.2144524793152573e-18
0b11111101,4000,7.588551830845931e-19,6.303132391811025e-19
0b11111101,2000,4.686401767706385e-19,3.7076555677665634e-19
0b11111101,1000,3.501856475734866e-19,2.648275077531691e-19
0b11111101,500,2.968114721925776e-19,2.1716697535536225e-19
0b11111101,400,2.8621272779481107e-19,2.0766384469157693e-19
0b11111101,320,2.7758536297119877e-19,1.9990045042683701e-19
0b11111101,200,2.646843855898822e-19,1.883029857642724e-19
0b11111101,100,2.5325847964932967e-19,1.779732210255221e-19
0b00000110,8000,1.391254834762512e-18,1.1754476288047239e-18
0b00000110,4000,7.276594024767117e-19,5.952355016641472e-19
0b00000110,2000,4.395661415251459e-19,3.3773790600020027e-19
0b00000110,1000,3.1867121877419414e-19,2.293054776887324e-19
0b00000110,500,2.60950488530174e-19,1.7726517533086567e-19
0b00000110,400,2.492147534265799e-19,1.6661408635412134e-19
0b00000110,320,2.396219816067518e-19,1.5788450914506837e-19
0b00000110,200,2.2553212387715707e-19,1.450760748240405e-19
0b00000110,100,2.1311659883934981e-19,1.3374462514321156e-19
0b11000110,8000,1.4154479421187973e-18,1.199601828233486e-18
0b11000110,4000,7.489361334112018e-19,6.164569661115686e-19
0b11000110,2000,4.5654941623524605e-19,3.5468868089736366e-19
0b11000110,1000,3.3616861469481995e-19,2.46776543447261e-19
0b11000110,500,2.8060792262067104e-19,1.968877372947188e-19
0b11000110,400,2.6936636455507754e-19,1.8673723978208162e-19
0b11000110,320,2.601715518332827e-19,1.7840493610227955e-19
0b11000110,200,2.466306227238703e-19,1.6614880927039934e-19
0b11000110,100,2.3472566004927626e-19,1.5532671235508353e-19
0b10000101,8000,1.4134142356570825e-18,1.2018409430358549e-18
0b10000101,4000,7.482356293472877e-19,6.197717764712406e-19
0b10000101,2000,4.614840119521172e-19,3.6369266876111504e-19
0b10000101,1000,3.4402173666760535e-19,2.5873884537293463e-19
0b10000101,500,2.879453969697335e-19,2.0838385872385735e-19
0b10000101,400,2.764838345217766e-19,1.9800982091125016e-19
0b10000101,320,2.6710456341734912e-19,1.895050973282027e-19
0b10000101,200,2.5382147356667844e-19,1.7751980580574957e-19
0b10000101,100,2.4231247178092414e-19,1.6710762116949085e-19
0b11011100,8000,nan,nan
0b11011100,4000,nan,nan
0b11011100,2000,nan,nan
0b11011100,1000,nan,nan
0b11011100,500,nan,nan
0b11011100,400,nan,nan
0b11011100,320,nan,nan
0b11011100,200,nan,nan
0b11011100,100,nan,nan
0b01110111,8000,1.44218858120904e-18,1.2223815979797356e-18
0b01110111,4000,7.666557178768717e-19,6.302270444042819e-19
0b01110111,2000,4.6943798429007015e-19,3.635900323830269e-19
0b01110111,1000,3.486412147874377e-19,2.5521788730249963e-19
0b01110111,500,2.9545507515785174e-19,2.0766361966273703e-19
0b01110111,400,2.8513839913798826e-19,1.9843038269245462e-19
0b01110111,320,2.7639402585242664e-19,1.90541619699672e-19
0b01110111,200,2.631451449888238e-19,1.7856036329274978e-19
0b01110111,100,2.516060388850131e-19,1.6809321227034497e-19
0b01111011,8000,1.4420904776591349e-18,1.222271668433441e-18
0b01111011,4000,7.665842037612786e-19,6.301579982965734e-19
0b01111011,2000,4.693940682797062e-19,3.6354799370501694e-19
0b01111011,1000,3.4862965440659614e-19,2.5520249755944803e-19
0b01111011,500,2.9545047594242803e-19,2.0766610092960642e-19
0b01111011,400,2.85133705095063e-19,1.984251069694389e-19
0b01111011,320,2.7638190865998023e-19,1.905287718851622e-19
0b01111011,200,2.630972790880097e-19,1.785159427880695e-19
0b01111011,100,2.515738515192331e-19,1.68060928893788e-19
0b01111111,8000,1.4212263696904092e-18,1.205403206413654e-18
0b01111111,4000,7.501516957755542e-19,6.176639360736663e-19
0b01111111,2000,4.579464280438792e-19,3.5607264826170384e-19
0b01111111,1000,3.3711497597863805e-19,2.4770990278088067e-19
0b01111111,500,2.8221099069129375e-19,1.9847933753681217e-19
0b01111111,400,2.7144469619352586e-19,1.888043894915439e-19
0b01111111,320,2.625374819075797e-19,1.8075480166672574e-19
0b01111111,200,2.4894381248783194e-19,1.6844396886064767e-19
0b01111111,100,2.3704213092320622e-19,1.576248315395071e-19
0b11000001,8000,nan,nan
0b11000001,4000,nan,nan
0b11000001,2000,nan,nan
0b11000001,1000,nan,nan
0b11000001,500,nan,nan
0b11000001,400,nan,nan
0b11000001,320,nan,nan
0b11000001,200,nan,nan
0b11000001,100,nan,nan
0b00101110,8000,1.4344800232181656e-18,1.2187576173560146e-18
0b00101110,4000,7.647851884016297e-19,6.323404519168101e-19
0b00101110,2000,4.706313074559464e-19,3.6879638017706325e-19
0b00101110,1000,3.5052662056584293e-19,2.611586008150054e-19
0b00101110,500,2.9644220982316667e-19,2.127464884667205e-19
0b00101110,400,2.8572810630224616e-19,2.031289856031292e-19
0b00101110,320,2.7694424815602224e-19,1.9520710854630107e-19
0b00101110,200,2.640861928004565e-19,1.8362919306418517e-19
0b00101110,100,2.5302582688944483e-19,1.7365305321812814e-19
0b00001000,8000,nan,nan
0b00001000,4000,nan,nan
0b00001000,2000,nan,nan
0b00001000,1000,nan,nan
0b00001000,500,nan,nan
0b00001000,400,nan,nan
0b00001000,320,nan,nan
0b00001000,200,nan,nan
0b00001000,100,nan,nan
0b10011110,8000,1.4517955851057791e-18,1.2320484216420238e-18
0b10011110,4000,7.826586528040613e-19,6.462741520107533e-19
0b10011110,2000,4.849968451741688e-19,3.7918136521206047e-19
0b10011110,1000,3.649178765875827e-19,2.715183305564608e-19
0b10011110,500,3.127426951773204e-19,2.249866413314816e-19
0b10011110,400,3.0249580176727506e-19,2.1580904236907608e-19
0b10011110,320,2.939079394104606e-19,2.080773309734645e-19
0b10011110,200,2.813180747140889e-19,1.967603032112611e-19
0b10011110,100,2.711177046206216e-19,1.8763012801535256e-19
0b00001011,8000,1.3949384421165899e-18,1.1750124329743519e-18
0b00001011,4000,7.3048049104911845e-19,5.940604182300122e-19
0b00001011,2000,4.343634971436976e-19,3.284866141895757e-19
0b00001011,1000,3.1042661727836234e-19,2.169679302519019e-19
0b00001011,500,2.526271695915768e-19,1.6481596016849584e-19
0b00001011,400,2.411957524110919e-19,1.5445910819411753e-19
0b00001011,320,2.3182554327088193e-19,1.45942033747137e-19
0b00001011,200,2.1738278425066373e-19,1.3276994756598438e-19
0b00001011,100,2.0462330087235224e-19,1.210818853300718e-19
0b01100011,8000,1.4371903349077043e-18,1.225528973616713e-18
0b01100011,4000,7.688172639950969e-19,6.403278645096715e-19
0b01100011,2000,4.775663961105171e-19,3.797375620227706e-19
0b01100011,1000,3.613153009063459e-19,2.759974263433088e-19
0b01100011,500,3.079113484499693e-19,2.283100452350368e-19
0b01100011,400,2.9713389553849756e-19,2.1862459682782115e-19
0b01100011,320,2.8831135363654416e-19,2.1067625187819888e-19
0b01100011,200,2.755733218203583e-19,1.9923201498472528e-19
0b01100011,100,2.646508841185131e-19,1.8940709497763369e-19
0b00000100,8000,1.3781081853444847e-18,1.1580907719370188e-18
0b00000100,4000,7.147195956096206e-19,5.78309368658759e-19
0b00000100,2000,4.227522829021226e-19,3.1687756573246146e-19
0b00000100,1000,2.98824699214628e-19,2.053696178812744e-19
0b00000100,500,2.3999719483329426e-19,1.5218168155745062e-19
0b00000100,400,2.2812429896879074e-19,1.413891355427868e-19
0b00000100,320,2.184322771884996e-19,1.3255232435287242e-19
0b00000100,200,2.0374181163509777e-19,1.1913055621060567e-19
0b00000100,100,1.9055968668121896e-19,1.0702029366618782e-19
0b10100011,8000,1.4370980070338737e-18,1.2254066399480788e-18
0b10100011,4000,7.687577099153063e-19,6.402582872880895e-19
0b10100011,2000,4.775366786847328e-19,3.7969735198250608e-19
0b10100011,1000,3.612981640915713e-19,2.759781258855833e-19
0b10100011,500,3.079081926953363e-19,2.283086820553576e-19
0b10100011,400,2.9713079717259643e-19,2.186272579875205e-19
0b10100011,320,2.8830658596186955e-19,2.1066830265225988e-19
0b10100011,200,2.7552759153519574e-19,1.9918621976031437e-19
0b10100011,100,2.646197013067198e-19,1.8937490953968614e-19
0b10100111,8000,1.4348095154786663e-18,1.2109889446699002e-18
0b10100111,4000,7.671569783507715e-19,6.268022451672165e-19
0b10100111,2000,4.668722536847672e-19,3.570553420812118e-19
0b10100111,1000,3.442665204891899e-19,2.468125842751926e-19
0b10100111,500,2.900040150011356e-19,1.9816095198880736e-19
0b10100111,400,2.793905812233731e-19,1.8861708260482005e-19
0b10100111,320,2.7049659474842443e-19,1.805633994681082e-19
0b10100111,200,2.569391234234085e-19,1.682650394742778e-19
0b10100111,100,2.4569610343513066e-19,1.5807991287457153e-19
0b00011101,8000,1.4346909959436382e-18,1.2189736753795062e-18
0b00011101,4000,7.649232633683527e-19,6.3248164211275e-19
0b00011101,2000,4.70705009620874e-19,3.6887338324767285e-19
0b00011101,1000,3.5056847501162717e-19,2.611986662729989e-19
0b00011101,500,2.964456341612421e-19,2.1275303166363809e-19
0b00011101,400,2.8573474573360317e-19,2.0313270748457717e-19
0b00011101,320,2.769617202092888e-19,1.952231515383261e-19
0b00011101,200,2.6417531627443406e-19,1.8371992030415162e-19
0b00011101,100,2.530895467517992e-19,1.7371641051916384e-19
0b10110010,8000,1.4294658036406285e-18,1.2095717703026025e-18
0b10110010,4000,7.576819808220449e-19,6.212524424785827e-19
0b10110010,2000,4.623817000456597e-19,3.5651291992862897e-19
0b10110010,1000,3.4016806096807754e-19,2.467213193048607e-19
0b10110010,500,2.8578670759328667e-19,1.9798094865611006e-19
0b10110010,400,2.7498170103608928e-19,1.8825713377003422e-19
0b10110010,320,2.6599944418392895e-19,1.80123343720358e-19
0b10110010,200,2.524704308345957e-19,1.678705416616982e-19
0b10110010,100,2.4091496075413525e-19,1.5738385758593055e-19
0b01101100,8000,nan,nan
0b01101100,4000,nan,nan
0b01101100,2000,nan,nan
0b01101100,1000,nan,nan
0b01101100,500,nan,nan
0b01101100,400,nan,nan
0b01101100,320,nan,nan
0b01101100,200,nan,nan
0b01101100,100,nan,nan
0b11100100,8000,nan,nan
0b11100100,4000,nan,nan
0b11100100,2000,nan,nan
0b11100100,1000,nan,nan
0b11100100,500,nan,nan
0b11100100,400,nan,nan
0b11100100,320,nan,nan
0b11100100,200,nan,nan
0b11100100,100,nan,nan
0b10000011,8000,1.3962391415826849e-18,1.1803758871587897e-18
0b10000011,4000,7.334432025100319e-19,6.00986464386003e-19
0b10000011,2000,4.403574369719357e-19,3.3848899753474693e-19
0b10000011,1000,3.1914326976497804e-19,2.297459242492234e-19
0b10000011,500,2.6202408049355338e-19,1.7830513322664433e-19
0b10000011,400,2.5061757746483624e-19,1.6798465649836977e-19
0b10000011,320,2.4131049309554846e-19,1.5954097790053625e-19
0b10000011,200,2.2732057230265486e-19,1.4683649558645878e-19
0b10000011,100,2.1488285706537322e-19,1.3548089266276555e-19
0b01111011,8000,nan,nan
0b01111011,4000,nan,nan
0b01111011,2000,nan,nan
0b01111011,1000,nan,nan
0b01111011,500,nan,nan
0b01111011,400,nan,nan
0b01111011,320,nan,nan
0b01111011,200,nan,nan
0b01111011,100,nan,nan
0b11000101,8000,nan,nan
0b11000101,4000,nan,nan
0b11000101,2000,nan,nan
0b11000101,1000,nan,nan
0b11000101,500,nan,nan
0b11000101,400,nan,nan
0b11000101,320,nan,nan
0b11000101,200,nan,nan
0b11000101,100,nan,nan
0b11001001,8000,1.4154496949955026e-18,1.1996026662144827e-18
0b11001001,4000,7.489409200317481e-19,6.164616288304183e-19
0b11001001,2000,4.565475200128672e-19,3.546894280754692e-19
0b11001001,1000,3.3616806473869257e-19,2.467762544910132e-19
0b11001001,500,2.8061087257840797e-19,1.96888913323725e-19
0b11001001,400,2.693657555690327e-19,1.8673489355884188e-19
0b11001001,320,2.6017246628400066e-19,1.7840367008204142e-19
0b11001001,200,2.4663279813120586e-19,1.661486894644784e-19
0b11001001,100,2.347259217959702e-19,1.55325623546404e-19
0b01000010,8000,1.3907919112050781e-18,1.1749925918984079e-18
0b01000010,4000,7.276409670868402e-19,5.951932822496739e-19
0b01000010,2000,4.394024285383607e-19,3.3756817046501605e-19
0b01000010,1000,3.1852429273646678e-19,2.291605847189864e-19
0b01000010,500,2.607829341676738e-19,1.770935750499278e-19
0b01000010,400,2.4904772017494207e-19,1.6644385851452996e-19
0b01000010,320,2.394552989587571e-19,1.577152897521123e-19
0b01000010,200,2.2537637509853274e-19,1.4491873249942267e-19
0b01000010,100,2.1296543701164624e-19,1.3359268979835305e-19
0b01000101,8000,nan,nan
0b01000101,4000,nan,nan
0b01000101,2000,nan,nan
0b01000101,1000,nan,nan
0b01000101,500,nan,nan
0b01000101,400,nan,nan
0b01000101,320,nan,nan
0b01000101,200,nan,nan
0b01000101,100,nan,nan
0b10010100,8000,1.4276909432240666e-18,1.2161114912605981e-18
0b10010100,4000,7.633065793215104e-19,6.348500643775225e-19
0b10010100,2000,4.736746567700023e-19,3.7586731269468425e-19
0b10010100,1000,3.564520742300555e-19,2.711695950966138e-19
0b10010100,500,3.016497374079585e-19,2.220807949223949e-19
0b10010100,400,2.9046167214663876e-19,2.119845414776333e-19
0b10010100,320,2.8130762275291665e-19,2.0370153591385872e-19
0b10010100,200,2.6836543654893465e-19,1.9205707220710315e-19
0b10010100,100,2.573537218064051e-19,1.8213881150694526e-19
0b11100011,8000,nan,nan
0b11100011,4000,nan,nan
0b11100011,2000,nan,nan
0b11100011,1000,nan,nan
0b11100011,500,nan,nan
0b11100011,400,nan,nan
0b11100011,320,nan,nan
0b11100011,200,nan,nan
0b11100011,100,nan,nan
0b11010000,8000,1.4181587084956096e-18,1.1980867450605853e-18
0b11010000,4000,7.447607710890975e-19,6.08300683083714e-19
0b11010000,2000,4.496624301276834e-19,3.4376179338561023e-19
0b11010000,1000,3.2722780242100663e-19,2.337427470380449e-19
0b11010000,500,2.7180177545565296e-19,1.8395672064536268e-19
0b11010000,400,2.606521850706672e-19,1.7388781659395528e-19
0b11010000,320,2.5154013566681815e-19,1.6562865461025562e-19
0b11010000,200,2.3766258394626567e-19,1.5302103589029354e-19
0b11010000,100,2.2523120539730803e-19,1.4166235632204794e-19
0b00110100,8000,nan,nan
0b00110100,4000,nan,nan
0b00110100,2000,nan,nan
0b00110100,1000,nan,nan
0b00110100,500,nan,nan
0b00110100,400,nan,nan
0b00110100,320,nan,nan
0b00110100,200,nan,nan
0b00110100,100,nan,nan
0b10011010,8000,1.4407331053167188e-18,1.2333489900417797e-18
0b10011010,4000,7.762121223925647e-19,6.517151146303832e-19
0b10011010,2000,4.90455420781666e-19,3.9668847722854024e-19
0b10011010,1000,3.7627459782469885e-19,2.950801774322665e-19
0b10011010,500,3.2260264010253267e-19,2.471608851377807e-19
0b10011010,400,3.1155097964421075e-19,2.37208536251931e-19
0b10011010,320,3.0248821081443317e-19,2.290235486191981e-19
0b10011010,200,2.901107679509459e-19,2.179559864442829e-19
0b10011010,100,2.7987479007241495e-19,2.0882913480862012e-19
0b00000111,8000,1.3950614137601711e-18,1.1751280968253817e-18
0b00000111,4000,7.305471027249553e-19,5.941248274778354e-19
0b00000111,2000,4.344017949996172e-19,3.2852501892309804e-19
0b00000111,1000,3.1044374201274705e-19,2.169875185445755e-19
0b00000111,500,2.526324770168152e-19,1.648165621661512e-19
0b00000111,400,2.411990134000073e-19,1.544623352401998e-19
0b00000111,320,2.3183441974260614e-19,1.45952103204455e-19
0b00000111,200,2.174278885710678e-19,1.3281487380042347e-19
0b00000111,100,2.046553400005028e-19,1.211136130509401e-19
0b10010010,8000,1.4316379706424155e-18,1.2200440220767733e-18
0b10010010,4000,7.629341467467463e-19,6.344787458412601e-19
0b10010010,2000,4.765981964535829e-19,3.7879708302485006e-19
0b10010010,1000,3.606794491188337e-19,2.7538761944657274e-19
0b10010010,500,3.0667293788619286e-19,2.2709536803788533e-19
0b10010010,400,2.955692352326608e-19,2.1708797756214146e-19
0b10010010,320,2.8645930240086615e-19,2.0885062340034756e-19
0b10010010,200,2.735896204322288e-19,1.9727492989573576e-19
0b10010010,100,2.6270839001803016e-19,1.8749118939086228e-19
0b01000110,8000,1.4134148046182298e-18,1.201820435002087e-18
0b01000110,4000,7.482389101782777e-19,6.197728969986937e-19
0b01000110,2000,4.614900245521563e-19,3.636930780328016e-19
0b01000110,1000,3.4401971697750322e-19,2.587388646228189e-19
0b01000110,500,2.879479207144368e-19,2.083812835210361e-19
0b01000110,400,2.764828364561193e-19,1.9801124015101757e-19
0b01000110,320,2.6710293841227345e-19,1.895060374143894e-19
0b01000110,200,2.5382193436116216e-19,1.7751937230368618e-19
0b01000110,100,2.423118430695867e-19,1.671068818492959e-19
0b01011110,8000,1.4519037948920858e-18,1.2321747547413367e-18
0b01011110,4000,7.827275984826643e-19,6.463278389608866e-19
0b01011110,2000,4.850397577539359e-19,3.792193216806973e-19
0b01011110,1000,3.6493661598745676e-19,2.715362249185575e-19
0b01011110,500,3.127496372351838e-19,2.249873487107523e-19
0b01011110,400,3.0249344930533913e-19,2.15814335918879e-19
0b01011110,320,2.9391497596982814e-19,2.0808769993938595e-19
0b01011110,200,2.8136141163347457e-19,1.9680538957520838e-19
0b01011110,100,2.711492877000459e-19,1.8766270016546573e-19
0b11111010,8000,1.4384875315022996e-18,1.226802458463666e-18
0b11111010,4000,7.686626081330605e-19,6.401479854951285e-19
0b11111010,2000,4.780510539229607e-19,3.8020040714525616e-19
0b11111010,1000,3.599122592862499e-19,2.74574934362247e-19
0b11111010,500,3.062993363086116e-19,2.2668087362432626e-19
0b11111010,400,2.9554588711957826e-19,2.1701528554735053e-19
0b11111010,320,2.8676217407259453e-19,2.091059941441846e-19
0b11111010,200,2.7395528691750513e-19,1.9759524731086347e-19
0b11111010,100,2.6283472743743868e-19,1.8757234612029306e-19
0b11010010,8000,1.4313011941283213e-18,1.2154564958558662e-18
0b11010010,4000,7.577090574455935e-19,6.252302477050644e-19
0b11010010,2000,4.664829489275399e-19,3.6461853079002835e-19
0b11010010,1000,3.4707480379377315e-19,2.5768072470280295e-19
0b11010010,500,2.9275641980077794e-19,2.090404515986702e-19
0b11010010,400,2.8174517288405083e-19,1.9911407970474474e-19
0b11010010,320,2.727290879142865e-19,1.9096119323466712e-19
0b11010010,200,2.5945302884737457e-19,1.7896860663002596e-19
0b11010010,100,2.4778726534149326e-19,1.6838626075468247e-19
0b01110101,8000,1.4522756370725764e-18,1.2365918806710434e-18
0b01110101,4000,7.783643557143734e-19,6.459377424893777e-19
0b01110101,2000,4.848036941205647e-19,3.8298281712557236e-19
0b01110101,1000,3.6608298925455356e-19,2.7672767834147507e-19
0b01110101,500,3.132580756039915e-19,2.295809828715505e-19
0b01110101,400,3.027096733984101e-19,2.2011676405995785e-19
0b01110101,320,2.9395348803643385e-19,2.1222543173873852e-19
0b01110101,200,2.812931552325756e-19,2.0084623627460663e-19
0b01110101,100,2.7061072777970824e-19,1.91248520429207e-19
0b11111001,8000,nan,nan
0b11111001,4000,nan,nan
0b11111001,2000,nan,nan
0b11111001,1000,nan,nan
0b11111001,500,nan,nan
0b11111001,400,nan,nan
0b11111001,320,nan,nan
0b11111001,200,nan,nan
0b11111001,100,nan,nan
0b10100000,8000,1.4184000959729823e-18,1.2025643107497405e-18
0b10100000,4000,7.499102828519106e-19,6.174648338641705e-19
0b10100000,2000,4.597418430702583e-19,3.5789661657417653e-19
0b10100000,1000,3.4081534078630377e-19,2.5143639698057334e-19
0b10100000,500,2.857133112934741e-19,2.0201903465426772e-19
0b10100000,400,2.7447413739485596e-19,1.9186620725897668e-19
0b10100000,320,2.652630567480678e-19,1.8351370117551131e-19
0b10100000,200,2.5175234864834396e-19,1.712843601491231e-19
0b10100000,100,2.4012200008351624e-19,1.607371940627813e-19
0b11111000,8000,nan,nan
0b11111000,4000,nan,nan
0b11111000,2000,nan,nan
0b11111000,1000,nan,nan
0b11111000,500,nan,nan
0b11111000,400,nan,nan
0b11111000,320,nan,nan
0b11111000,200,nan,nan
0b11111000,100,nan,nan
0b10101111,8000,nan,nan
0b10101111,4000,nan,nan
0b10101111,2000,nan,nan
0b10101111,1000,nan,nan
0b10101111,500,nan,nan
0b10101111,400,nan,nan
0b10101111,320,nan,nan
0b10101111,200,nan,nan
0b10101111,100,nan,nan
0b01000111,8000,1.4172388528773973e-18,1.201522828198399e-18
0b01000111,4000,7.511376813636098e-19,6.186966708579733e-19
0b01000111,2000,4.562941013090889e-19,3.5445698773747233e-19
0b01000111,1000,3.358002987793037e-19,2.4643101755538303e-19
0b01000111,500,2.7965276318565465e-19,1.9595954343646963e-19
0b01000111,400,2.6848027348080723e-19,1.85884180186468e-19
0b01000111,320,2.59335314665029e-19,1.7759960662429233e-19
0b01000111,200,2.457386474579045e-19,1.6528487732074935e-19
0b01000111,100,2.3387462650936023e-19,1.5450215223640637e-19
0b11000100,8000,1.4022855736409819e-18,1.1822416105663536e-18
0b11000100,4000,7.359760881097813e-19,5.995156263071703e-19
0b11000100,2000,4.39725302460611e-19,3.3383041712240233e-19
0b11000100,1000,3.163177969162889e-19,2.228355130580567e-19
0b11000100,500,2.5964696017685164e-19,1.7180789919049863e-19
0b11000100,400,2.4827381845219197e-19,1.6150835583877283e-19
0b11000100,320,2.3898231079214624e-19,1.5307379204698195e-19
0b11000100,200,2.2484233592282516e-19,1.4020199244747978e-19
0b11000100,100,2.1217177670924e-19,1.2860278763588659e-19
0b10110111,8000,1.442089107721165e-18,1.2222749598534743e-18
0b10110111,4000,7.665828299859086e-19,6.301556341743721e-19
0b10110111,2000,4.693948253216397e-19,3.6354840343612106e-19
0b10110111,1000,3.4862905309813587e-19,2.552029946779599e-19
0b10110111,500,2.9544943111606606e-19,2.0766408816008727e-19
0b10110111,400,2.8513404258296737e-19,1.9842341312078603e-19
0b10110111,320,2.763838677328242e-19,1.9052875760538106e-19
0b10110111,200,2.6309714202451676e-19,1.785159354672169e-19
0b10110111,100,2.5157419086661674e-19,1.680610708627621e-19
0b10011111,8000,1.4334119150966315e-18,1.2135952788563652e-18
0b10011111,4000,7.644449061113966e-19,6.280182971761104e-19
0b10011111,2000,4.676500806279525e-19,3.618030871106142e-19
0b10011111,1000,3.4572992384776194e-19,2.5230130238075826e-19
0b10011111,500,2.9119193490963426e-19,2.0340207900786746e-19
0b10011111,400,2.8056995168783326e-19,1.938559736822716e-19
0b10011111,320,2.716986222429256e-19,1.8584159689117081e-19
0b10011111,200,2.583773618345348e-19,1.737860818510505e-19
0b10011111,100,2.4721739434623555e-19,1.6369882442346781e-19
0b01101100,8000,nan,nan
0b01101100,4000,nan,nan
0b01101100,2000,nan,nan
0b01101100,1000,nan,nan
0b01101100,500,nan,nan
0b01101100,400,nan,nan
0b01101100,320,nan,nan
0b01101100,200,nan,nan
0b01101100,100,nan,nan
0b10000010,8000,1.3906940381051301e-18,1.1748888956720311e-18
0b10000010,4000,7.275668123112601e-19,5.951248069701216e-19
0b10000010,2000,4.3936030626927465e-19,3.375257037911795e-19
0b10000010,1000,3.1850692733509964e-19,2.2913837308705756e-19
0b10000010,500,2.6077939142637614e-19,1.7709237483741342e-19
0b10000010,400,2.490485869991713e-19,1.6644289124997789e-19
0b10000010,320,2.394490747046351e-19,1.5770536094689103e-19
0b10000010,200,2.2533175419478825e-19,1.4487476965217728e-19
0b10000010,100,2.1293608227808672e-19,1.3355919793812526e-19
0b01111111,8000,nan,nan
0b01111111,4000,nan,nan
0b01111111,2000,nan,nan
0b01111111,1000,nan,nan
0b01111111,500,nan,nan
0b01111111,400,nan,nan
0b01111111,320,nan,nan
0b01111111,200,nan,nan
0b01111111,100,nan,nan
0b00110000,8000,1.3813578021180078e-18,1.1612884571540628e-18
0b00110000,4000,7.163209826852571e-19,5.798888040373822e-19
0b00110000,2000,4.2197526042530896e-19,3.1606455774212923e-19
0b00110000,1000,2.9597745237163404e-19,2.0249528198532253e-19
0b00110000,500,2.370586704333431e-19,1.4921023877241012e-19
0b00110000,400,2.2532907212692023e-19,1.3856033812274396e-19
0b00110000,320,2.157756999424408e-19,1.2986169249316147e-19
0b00110000,200,2.0100598260044976e-19,1.163647679046709e-19
0b00110000,100,1.87656433613296e-19,1.0408610718360363e-19
0b10011101,8000,1.4519065340663125e-18,1.2321626675317649e-18
0b10011101,4000,7.82726800400548e-19,6.463308614875633e-19
0b10011101,2000,4.850385805096547e-19,3.792195253507321e-19
0b10011101,1000,3.649349947672189e-19,2.715363740949785e-19
0b10011101,500,3.1274572936955383e-19,2.2498644553057776e-19
0b10011101,400,3.024943164599037e-19,2.1581355139010333e-19
0b10011101,320,2.939153036319274e-19,2.0808776483430084e-19
0b10011101,200,2.8136181952743917e-19,1.9680611300520284e-19
0b10011101,100,2.7114884571903874e-19,1.8766100228381418e-19
0b11010100,8000,1.4273457083743497e-18,1.2114977289759478e-18
0b11010100,4000,7.5848182382387e-19,6.260075544991314e-19
0b11010100,2000,4.637293523413004e-19,3.6187130835529666e-19
0b11010100,1000,3.4320669996323187e-19,2.5381331750896717e-19
0b11010100,500,2.882438849902257e-19,2.0452839523034645e-19
0b11010100,400,2.7717354878782533e-19,1.9454363350327608e-19
0b11010100,320,2.681632472254125e-19,1.8639324140883787e-19
0b11010100,200,2.5480571829238656e-19,1.743212762440265e-19
0b11010100,100,2.4316068609413524e-19,1.6375866101975695e-19
0b00101010,8000,1.4158625093833375e-18,1.2042571800007992e-18
0b00101010,4000,7.497696280626165e-19,6.213038576370429e-19
0b00101010,2000,4.630707763060891e-19,3.6528421072180214e-19
0b00101010,1000,3.45023798411574e-19,2.5974609311699636e-19
0b00101010,500,2.888465477764979e-19,2.092828062665254e-19
0b00101010,400,2.7737157775628336e-19,1.9891210157288412e-19
0b00101010,320,2.679932768066887e-19,1.9039826349247653e-19
0b00101010,200,2.546270606057615e-19,1.7832609521884665e-19
0b00101010,100,2.430992609805022e-19,1.6789315761118817e-19
0b00001111,8000,1.3902347281921886e-18,1.1742842321353234e-18
0b00001111,4000,7.271041046697859e-19,5.945987367508704e-19
0b00001111,2000,4.338572701685441e-19,3.319458250918261e-19
0b00001111,1000,3.1093609551808455e-19,2.214960162875168e-19
0b00001111,500,2.533133823902051e-19,1.6954693834906969e-19
0b00001111,400,2.419406562012875e-19,1.5926534883268718e-19
0b00001111,320,2.3267774367953174e-19,1.5086594856856111e-19
0b00001111,200,2.184607517580463e-19,1.379336501574948e-19
0b00001111,100,2.0567031795415203e-19,1.262276831334426e-19
0b01011101,8000,1.4520215712490518e-18,1.2322759041981788e-18
0b01011101,4000,7.827960136541249e-19,6.463815488120724e-19
0b01011101,2000,4.850756885524611e-19,3.7925823509333925e-19
0b01011101,1000,3.649574198606456e-19,2.7155745877857516e-19
0b01011101,500,3.127514118289511e-19,2.2499276180302144e-19
0b01011101,400,3.024951250272241e-19,2.158168638346209e-19
0b01011101,320,2.9392902532825226e-19,2.0809526775856e-19
0b01011101,200,2.8140751703751507e-19,1.9685104379182368e-19
0b01011101,100,2.711792692000996e-19,1.8769357876111716e-19
0b00001110,8000,1.3963836155581375e-18,1.1805199301618649e-18
0b00001110,4000,7.329044396443472e-19,6.00403996716684e-19
0b00001110,2000,4.414619176733581e-19,3.3959181038774284e-19
0b00001110,1000,3.200113897146821e-19,2.306009347824657e-19
0b00001110,500,2.6333297353099856e-19,1.796060863618864e-19
0b00001110,400,2.519717761007274e-19,1.6933618535596342e-19
0b00001110,320,2.42704711399113e-19,1.6092638942531473e-19
0b00001110,200,2.2878672503807294e-19,1.4829008623639477e-19
0b00001110,100,2.1641205329095828e-19,1.3699953073538178e-19
0b00001010,8000,1.3911466415977436e-18,1.1753396779397e-18
0b00001010,4000,7.275990799473345e-19,5.9515938218941705e-19
0b00001010,2000,4.3953160002673115e-19,3.3769774528131543e-19
0b00001010,1000,3.1865280322833704e-19,2.292889244315499e-19
0b00001010,500,2.6094593905180934e-19,1.7726280628906247e-19
0b00001010,400,2.4921607562494607e-19,1.6661382259807483e-19
0b00001010,320,2.3961526950929076e-19,1.5787511863126168e-19
0b00001010,200,2.254886546944644e-19,1.4503252621279225e-19
0b00001010,100,2.1308437304753803e-19,1.3371297244073508e-19
0b11101010,8000,nan,nan
0b11101010,4000,nan,nan
0b11101010,2000,nan,nan
0b11101010,1000,nan,nan
0b11101010,500,nan,nan
0b11101010,400,nan,nan
0b11101010,320,nan,nan
0b11101010,200,nan,nan
0b11101010,100,nan,nan
0b01010111,8000,nan,nan
0b01010111,4000,nan,nan
0b01010111,2000,nan,nan
0b01010111,1000,nan,nan
0b01010111,500,nan,nan
0b01010111,400,nan,nan
0b01010111,320,nan,nan
0b01010111,200,nan,nan
0b01010111,100,nan,nan
0b00010000,8000,1.393880922035292e-18,1.173879795878964e-18
0b00010000,4000,7.236750767072545e-19,5.872549983116205e-19
0b00010000,2000,4.32475376704037e-19,3.2659369465928804e-19
0b00010000,1000,3.09636973525152e-19,2.1618410124799285e-19
0b00010000,500,2.5202201437247247e-19,1.6421102820940333e-19
0b00010000,400,2.403659848965971e-19,1.536359893820749e-19
0b00010000,320,2.308461221412631e-19,1.4496217648233256e-19
0b00010000,200,2.1641236352840733e-19,1.318027422289618e-19
0b00010000,100,2.0346195640362117e-19,1.199216949993394e-19
0b01101001,8000,nan,nan
0b01101001,4000,nan,nan
0b01101001,2000,nan,nan
0b01101001,1000,nan,nan
0b01101001,500,nan,nan
0b01101001,400,nan,nan
0b01101001,320,nan,nan
0b01101001,200,nan,nan
0b01101001,100,nan,nan
0b11111100,8000,nan,nan
0b11111100,4000,nan,nan
0b11111100,2000,nan,nan
0b11111100,1000,nan,nan
0b11111100,500,nan,nan
0b11111100,400,nan,nan
0b11111100,320,nan,nan
0b11111100,200,nan,nan
0b11111100,100,nan,nan
0b11000000,8000,1.3796402820168677e-18,1.155377671405007e-18
0b11000000,4000,7.1535134647929135e-19,5.749209776238758e-19
0b11000000,2000,4.175893767220931e-19,3.076417947411622e-19
0b11000000,1000,2.907648364927211e-19,1.9319836213226345e-19
0b11000000,500,2.3242005080107413e-19,1.4045000325932654e-19
0b11000000,400,2.2077306036322615e-19,1.2988027991303888e-19
0b11000000,320,2.1127328423746847e-19,1.2121877294186915e-19
0b11000000,200,1.9633291544009144e-19,1.0753872078756254e-19
0b11000000,100,1.8276226833854194e-19,9.502735552183397e-20
0b01100101,8000,nan,nan
0b01100101,4000,nan,nan
0b01100101,2000,nan,nan
0b01100101,1000,nan,nan
0b01100101,500,nan,nan
0b01100101,400,nan,nan
0b01100101,320,nan,nan
0b01100101,200,nan,nan
0b01100101,100,nan,nan
0b11001110,8000,1.408325571370695e-18,1.1924134818806545e-18
0b11001110,4000,7.421874228564477e-19,6.097087633329496e-19
0b11001110,2000,4.493806567899298e-19,3.474946103890962e-19
0b11001110,1000,3.2796211972238954e-19,2.385460346056368e-19
0b11001110,500,2.721920915580505e-19,1.884507214246228e-19
0b11001110,400,2.6103455793811014e-19,1.783824087854112e-19
0b11001110,320,2.519386755048636e-19,1.7015043850294328e-19
0b11001110,200,2.3816034887936564e-19,1.5765530896578912e-19
0b11001110,100,2.2603423032480997e-19,1.4661296503655465e-19
0b01011101,8000,nan,nan
0b01011101,4000,nan,nan
0b01011101,2000,nan,nan
0b01011101,1000,nan,nan
0b01011101,500,nan,nan
0b01011101,400,nan,nan
0b01011101,320,nan,nan
0b01011101,200,nan,nan
0b01011101,100,nan,nan
0b00101011,8000,1.4174119980945488e-18,1.1976241782461548e-18
0b00101011,4000,7.489619807081161e-19,6.125533227873775e-19
0b00101011,2000,4.525183843745638e-19,3.466802799392784e-19
0b00101011,1000,3.299074600258292e-19,2.364931968384733e-19
0b00101011,500,2.738204171579545e-19,1.8604068630725595e-19
0b00101011,400,2.6277992420937386e-19,1.7608178811482577e-19
0b00101011,320,2.536949647116272e-19,1.678531156845771e-19
0b00101011,200,2.3988241779329323e-19,1.553106890634646e-19
0b00101011,100,2.279456006570669e-19,1.4444355123680902e-19
0b00111011,8000,1.4191529031238485e-18,1.203362985146441e-18
0b00111011,4000,7.500784213094925e-19,6.175885231381683e-19
0b00111011,2000,4.5517447602514315e-19,3.5330696307300063e-19
0b00111011,1000,3.3408942458038086e-19,2.4469313208193933e-19
0b00111011,500,2.7901710171943355e-19,1.9529840475754919e-19
0b00111011,400,2.6827366012130817e-19,1.8563521250332032e-19
0b00111011,320,2.5933248400056845e-19,1.7755843982603466e-19
0b00111011,200,2.458079747422345e-19,1.6531903657181292e-19
0b00111011,100,2.3381220547020287e-19,1.544068950547089e-19
0b10001110,8000,1.4183987419152108e-18,1.2067329364360646e-18
0b10001110,4000,7.533811944034712e-19,6.24892459539571e-19
0b10001110,2000,4.633282530806425e-19,3.654876390679245e-19
0b10001110,1000,3.4533437564941725e-19,2.600129709851856e-19
0b10001110,500,2.903205357264318e-19,2.1071452642048588e-19
0b10001110,400,2.7923264152572195e-19,2.007266223440777e-19
0b10001110,320,2.7017826595209538e-19,1.9253913945040628e-19
0b10001110,200,2.570247656842602e-19,1.8068311529824503e-19
0b10001110,100,2.455707239922276e-19,1.7032474377118778e-19
0b10101010,8000,1.4406155003400813e-18,1.2332330734126263e-18
0b10101010,4000,7.761285266410486e-19,6.516424010869407e-19
0b10101010,2000,4.904152893094661e-19,3.9664996813626385e-19
0b10101010,1000,3.762611182924484e-19,2.950629177191427e-19
0b10101010,500,3.226022155571478e-19,2.4715748620476e-19
0b10101010,400,3.1154703698850023e-19,2.372052938708369e-19
0b10101010,320,3.0248082149434875e-19,2.290169249340508e-19
0b10101010,200,2.9006528330940373e-19,2.1791202393726587e-19
0b10101010,100,2.7984270296413735e-19,2.087976522026611e-19
0b01110111,8000,nan,nan
0b01110111,4000,nan,nan
0b01110111,2000,nan,nan
0b01110111,1000,nan,nan
0b01110111,500,nan,nan
0b01110111,400,nan,nan
0b01110111,320,nan,nan
0b01110111,200,nan,nan
0b01110111,100,nan,nan
0b00010111,8000,1.4176145793453317e-18,1.197854863951167e-18
0b00010111,4000,7.49089951710697e-19,6.126860336516535e-19
0b00010111,2000,4.525973436265382e-19,3.467651228152605e-19
0b00010111,1000,3.29943542976605e-19,2.3653056102812403e-19
0b00010111,500,2.7382689491205836e-19,1.8605071220040096e-19
0b00010111,400,2.6277853273016093e-19,1.760867752547074e-19
0b00010111,320,2.5371700777213692e-19,1.6787342990290216e-19
0b00010111,200,2.3997541268460613e-19,1.5540180100666359e-19
0b00010111,100,2.280086059945288e-19,1.4450568541062014e-19
0b00100110,8000,1.4159753510331645e-18,1.2043845936916261e-18
0b00100110,4000,7.498356894097406e-19,6.213765197355072e-19
0b00100110,2000,4.63119455483633e-19,3.653215471763344e-19
0b00100110,1000,3.450449213033631e-19,2.597634822483344e-19
0b00100110,500,2.888521407916968e-19,2.0928676299748406e-19
0b00100110,400,2.773710902949791e-19,1.9891807672430432e-19
0b00100110,320,2.679978253046988e-19,1.904060385471577e-19
0b00100110,200,2.546715905765461e-19,1.7837170950955666e-19
0b00100110,100,2.4312922747930633e-19,1.679248626790568e-19
0b10011000,8000,nan,nan
0b10011000,4000,nan,nan
0b10011000,2000,nan,nan
0b10011000,1000,nan,nan
0b10011000,500,nan,nan
0b10011000,400,nan,nan
0b10011000,320,nan,nan
0b10011000,200,nan,nan
0b10011000,100,nan,nan
0b00101111,8000,nan,nan
0b00101111,4000,nan,nan
0b00101111,2000,nan,nan
0b00101111,1000,nan,nan
0b00101111,500,nan,nan
0b00101111,400,nan,nan
0b00101111,320,nan,nan
0b00101111,200,nan,nan
0b00101111,100,nan,nan
0b11011110,8000,1.4579353185240217e-18,1.2421872081859107e-18
0b11011110,4000,7.835094390034996e-19,6.510310650183231e-19
0b11011110,2000,4.875593470660075e-19,3.8570990636027733e-19
0b11011110,1000,3.6990576704875147e-19,2.8053176965220757e-19
0b11011110,500,3.189427602451778e-19,2.3524746596855704e-19
0b11011110,400,3.090132166919674e-19,2.2640015482095794e-19
0b11011110,320,3.008254388972475e-19,2.1907135158788245e-19
0b11011110,200,2.884792584528541e-19,2.0801343738075086e-19
0b11011110,100,2.779087483249481e-19,1.9852709172343507e-19
0b01001101,8000,1.4186123719260972e-18,1.2069468784526575e-18
0b01001101,4000,7.535106838054664e-19,6.250138693055639e-19
0b01001101,2000,4.634101381487536e-19,3.655671068287958e-19
0b01001101,1000,3.4537593930008015e-19,2.6004998790237584e-19
0b01001101,500,2.9032718724695137e-19,2.1071963724271951e-19
0b01001101,400,2.7923748937929674e-19,2.0073165052032406e-19
0b01001101,320,2.7019582715561817e-19,1.9255651286084156e-19
0b01001101,200,2.5711702675626356e-19,1.8077316491052518e-19
0b01001101,100,2.45634720982436e-19,1.7038874590948663e-19
0b01110111,8000,nan,nan
0b01110111,4000,nan,nan
0b01110111,2000,nan,nan
0b01110111,1000,nan,nan
0b01110111,500,nan,nan
0b01110111,400,nan,nan
0b01110111,320,nan,nan
0b01110111,200,nan,nan
0b01110111,100,nan,nan
0b01111101,8000,1.4397663370717282e-18,1.2240145735195197e-18
0b01111101,4000,7.683750834919853e-19,6.3592012452552445e-19
0b01111101,2000,4.752499094286534e-19,3.734048385136124e-19
0b01111101,1000,3.56292006936593e-19,2.669151755823008e-19
0b01111101,500,3.037597404660021e-19,2.2006336047819654e-19
0b01111101,400,2.933677408017335e-19,2.1075881323551086e-19
0b01111101,320,2.8474680417894296e-19,2.0299644120459376e-19
0b01111101,200,2.7192343908490615e-19,1.9145687293145847e-19
0b01111101,100,2.609595308561339e-19,1.8157666153478003e-19
0b01010001,8000,nan,nan
0b01010001,4000,nan,nan
0b01010001,2000,nan,nan
0b01010001,1000,nan,nan
0b01010001,500,nan,nan
0b01010001,400,nan,nan
0b01010001,320,nan,nan
0b01010001,200,nan,nan
0b01010001,100,nan,nan
0b01010101,8000,1.4410513451177088e-18,1.2336897909974743e-18
0b01010101,4000,7.764082209397992e-19,6.519068544338374e-19
0b01010101,2000,4.905685492606201e-19,3.968061461834966e-19
0b01010101,1000,3.7633651448107387e-19,2.951433628456267e-19
0b01010101,500,3.2261225747544365e-19,2.471690445474137e-19
0b01010101,400,3.115567796534643e-19,2.3721470485135776e-19
0b01010101,320,3.0251570166629964e-19,2.2905390989010795e-19
0b01010101,200,2.902461079906115e-19,2.1809162956155945e-19
0b01010101,100,2.7996837984399007e-19,2.0892205774294431e-19
0b01001100,8000,1.405392716167048e-18,1.1895110516813976e-18
0b01001100,4000,7.404833682107879e-19,6.079982034286773e-19
0b01001100,2000,4.465376207107877e-19,3.4466085622352476e-19
0b01001100,1000,3.2549097982587062e-19,2.3608646015209454e-19
0b01001100,500,2.6935698204433426e-19,1.8562485687733497e-19
0b01001100,400,2.581347301297037e-19,1.7549192465921665e-19
0b01001100,320,2.489863787398084e-19,1.6720239544691866e-19
0b01001100,200,2.352706881003053e-19,1.547714765461259e-19
0b01001100,100,2.2303879239308426e-19,1.4362430842015555e-19
0b10001001,8000,1.4133059052785263e-18,1.2017342019933166e-18
0b10001001,4000,7.481524298957308e-19,6.196993845661972e-19
0b10001001,2000,4.614474502182403e-19,3.6365079327001015e-19
0b10001001,1000,3.4400184898321713e-19,2.5872055775172593e-19
0b10001001,500,2.8794350829241404e-19,2.0837900996182965e-19
0b10001001,400,2.764809353653395e-19,1.9801143969779588e-19
0b10001001,320,2.6709820672162717e-19,1.8949478978440953e-19
0b10001001,200,2.537768268281342e-19,1.7747380206465255e-19
0b10001001,100,2.4228144421945986e-19,1.6707538530772516e-19
0b11100110,8000,nan,nan
0b11100110,4000,nan,nan
0b11100110,2000,nan,nan
0b11100110,1000,nan,nan
0b11100110,500,nan,nan
0b11100110,400,nan,nan
0b11100110,320,nan,nan
0b11100110,200,nan,nan
0b11100110,100,nan,nan
0b11010010,8000,nan,nan
0b11010010,4000,nan,nan
0b11010010,2000,nan,nan
0b11010010,1000,nan,nan
0b11010010,500,nan,nan
0b11010010,400,nan,nan
0b11010010,320,nan,nan
0b11010010,200,nan,nan
0b11010010,100,nan,nan
0b01101001,8000,nan,nan
0b01101001,4000,nan,nan
0b01101001,2000,nan,nan
0b01101001,1000,nan,nan
0b01101001,500,nan,nan
0b01101001,400,nan,nan
0b01101001,320,nan,nan
0b01101001,200,nan,nan
0b01101001,100,nan,nan
0b11100011,8000,nan,nan
0b11100011,4000,nan,nan
0b11100011,2000,nan,nan
0b11100011,1000,nan,nan
0b11100011,500,nan,nan
0b11100011,400,nan,nan
0b11100011,320,nan,nan
0b11100011,200,nan,nan
0b11100011,100,nan,nan
0b10011010,8000,nan,nan
0b10011010,4000,nan,nan
0b10011010,2000,nan,nan
0b10011010,1000,nan,nan
0b10011010,500,nan,nan
0b10011010,400,nan,nan
0b10011010,320,nan,nan
0b10011010,200,nan,nan
0b10011010,100,nan,nan
0b11101011,8000,nan,nan
0b11101011,4000,nan,nan
0b11101011,2000,nan,nan
0b11101011,1000,nan,nan
0b11101011,500,nan,nan
0b11101011,400,nan,nan
0b11101011,320,nan,nan
0b11101011,200,nan,nan
0b11101011,100,nan,nan
0b00100000,8000,nan,nan
0b00100000,4000,nan,nan
0b00100000,2000,nan,nan
0b00100000,1000,nan,nan
0b00100000,500,nan,nan
0b00100000,400,nan,nan
0b00100000,320,nan,nan
0b00100000,200,nan,nan
0b00100000,100,nan,nan
0b10000010,8000,nan,nan
0b10000010,4000,nan,nan
0b10000010,2000,nan,nan
0b10000010,1000,nan,nan
0b10000010,500,nan,nan
0b10000010,400,nan,nan
0b10000010,320,nan,nan
0b10000010,200,nan,nan
0b10000010,100,nan,nan
0b11000110,8000,nan,nan
0b11000110,4000,nan,nan
0b11000110,2000,nan,nan
0b11000110,1000,nan,nan
0b11000110,500,nan,nan
0b11000110,400,nan,nan
0b11000110,320,nan,nan
0b11000110,200,nan,nan
0b11000110,100,nan,nan
0b01111100,8000,nan,nan
0b01111100,4000,nan,nan
0b01111100,2000,nan,nan
0b01111100,1000,nan,nan
0b01111100,500,nan,nan
0b01111100,400,nan,nan
0b01111100,320,nan,nan
0b01111100,200,nan,nan
0b01111100,100,nan,nan
0b00000001,8000,nan,nan
0b00000001,4000,nan,nan
0b00000001,2000,nan,nan
0b00000001,1000,nan,nan
0b00000001,500,nan,nan
0b00000001,400,nan,nan
0b00000001,320,nan,nan
0b00000001,200,nan,nan
0b00000001,100,nan,nan
0b00000001,8000,nan,nan
0b00000001,4000,nan,nan
0b00000001,2000,nan,nan
0b00000001,1000,nan,nan
0b00000001,500,nan,nan
0b00000001,400,nan,nan
0b00000001,320,nan,nan
0b00000001,200,nan,nan
0b00000001,100,nan,nan
0b01000110,8000,nan,nan
0b01000110,4000,nan,nan
0b01000110,2000,nan,nan
0b01000110,1000,nan,nan
0b01000110,500,nan,nan
0b01000110,400,nan,nan
0b01000110,320,nan,nan
0b01000110,200,nan,nan
0b01000110,100,nan,nan
0b00001001,8000,nan,nan
0b00001001,4000,nan,nan
0b00001001,2000,nan,nan
0b00001001,1000,nan,nan
0b00001001,500,nan,nan
0b00001001,400,nan,nan
0b00001001,320,nan,nan
0b00001001,200,nan,nan
0b00001001,100,nan,nan
0b00010110,8000,nan,nan
0b00010110,4000,nan,nan
0b00010110,2000,nan,nan
0b00010110,1000,nan,nan
0b00010110,500,nan,nan
0b00010110,400,nan,nan
0b00010110,320,nan,nan
0b00010110,200,nan,nan
0b00010110,100,nan,nan
0b11010111,8000,1.429704240302548e-18,1.209895039637773e-18
0b11010111,4000,7.58786804939798e-19,6.223656179933997e-19
0b11010111,2000,4.614063520882927e-19,3.555607940153353e-19
0b11010111,1000,3.390595299454895e-19,2.4563771926983454e-19
0b11010111,500,2.8417468739763165e-19,1.9638635628103361e-19
0b11010111,400,2.7339232849011187e-19,1.866851043300609e-19
0b11010111,320,2.645665106049608e-19,1.7870988580437045e-19
0b11010111,200,2.568956677726946e-19,1.723105909589262e-19
0b11010111,100,2.4755456271550084e-19,1.640417179024393e-19
0b01000011,8000,1.396367402630988e-18,1.1804932748429981e-18
0b01000011,4000,7.335318917052266e-19,6.010581884569015e-19
0b01000011,2000,4.403971068501666e-19,3.385287339029299e-19
0b01000011,1000,3.191608068412754e-19,2.297668355516615e-19
0b01000011,500,2.620271150478012e-19,1.7830912871027035e-19
0b01000011,400,2.506205663814551e-19,1.6798951451194243e-19
0b01000011,320,2.4131838194846033e-19,1.5954815959652566e-19
0b01000011,200,2.273682929017763e-19,1.468817788805448e-19
0b01000011,100,2.1491513711196955e-19,1.3551351868527059e-19
0b01000010,8000,nan,nan
0b01000010,4000,nan,nan
0b01000010,2000,nan,nan
0b01000010,1000,nan,nan
0b01000010,500,nan,nan
0b01000010,400,nan,nan
0b01000010,320,nan,nan
0b01000010,200,nan,nan
0b01000010,100,nan,nan
0b01111001,8000,1.4521787893928748e-18,1.236478312526393e-18
0b01111001,4000,7.782924492722144e-19,6.458607598814807e-19
0b01111001,2000,4.847657584158221e-19,3.8294165998362072e-19
0b01111001,1000,3.660681126626711e-19,2.7670814427684627e-19
0b01111001,500,3.1325629988710843e-19,2.2957733874989033e-19
0b01111001,400,3.027049827097963e-19,2.201154224350174e-19
0b01111001,320,2.9394281815834653e-19,2.1221302718472012e-19
0b01111001,200,2.8124732098053246e-19,2.0080176047294132e-19
0b01111001,100,2.7057901893870094e-19,1.912175123623473e-19
0b10111011,8000,nan,nan
0b10111011,4000,nan,nan
0b10111011,2000,nan,nan
0b10111011,1000,nan,nan
0b10111011,500,nan,nan
0b10111011,400,nan,nan
0b10111011,320,nan,nan
0b10111011,200,nan,nan
0b10111011,100,nan,nan
0b11101110,8000,1.4578322014001358e-18,1.2420762464552013e-18
0b11101110,4000,7.834338978612711e-19,6.509687113812933e-19
0b11101110,2000,4.875148188911067e-19,3.856698795022293e-19
0b11101110,1000,3.698904081087907e-19,2.805102498661625e-19
0b11101110,500,3.1894359594981225e-19,2.352449717056709e-19
0b11101110,400,3.090074635378165e-19,2.2639614196474484e-19
0b11101110,320,3.0081965439994616e-19,2.190633918471482e-19
0b11101110,200,2.884337123916255e-19,2.0796837283374373e-19
0b11101110,100,2.7787615010838016e-19,1.9849442534430854e-19
0b11100111,8000,1.4295877346849177e-18,1.2098056310446933e-18
0b11100111,4000,7.587266999365822e-19,6.223038160879596e-19
0b11100111,2000,4.613641634675555e-19,3.5552291390530844e-19
0b11100111,1000,3.3904269819883295e-19,2.4562085465971863e-19
0b11100111,500,2.841731346329778e-19,1.9638891979847696e-19
0b11100111,400,2.7338797064557076e-19,1.8668272939279316e-19
0b11100111,320,2.6455755588113377e-19,1.7870136206575685e-19
0b11100111,200,2.568492211970923e-19,1.7226443693024075e-19
0b11100111,100,2.475225551431345e-19,1.6401022677737425e-19
0b11001000,8000,1.4021867254263716e-18,1.1821259448052094e-18
0b11001000,4000,7.359012186406394e-19,5.994565311078867e-19
0b11001000,2000,4.396890796992252e-19,3.3379323482309116e-19
0b11001000,1000,3.162994436522272e-19,2.2281464037910023e-19
0b11001000,500,2.5964908565873445e-19,1.718067213531154e-19
0b11001000,400,2.482711129658029e-19,1.615077627117693e-19
0b11001000,320,2.389733151175607e-19,1.530623794540108e-19
0b11001000,200,2.247956308029043e-19,1.4015620189026918e-19
0b11001000,100,2.1213992026939144e-19,1.2857208493877717e-19
0b11100010,8000,1.4311765199903363e-18,1.2153259179739548e-18
0b11100010,4000,7.576327132733116e-19,6.251775253214051e-19
0b11100010,2000,4.664389742386663e-19,3.645765823889073e-19
0b11100010,1000,3.470558630322908e-19,2.5765932833084843e-19
0b11100010,500,2.9275634241751207e-19,2.0903769140757172e-19
0b11100010,400,2.817405474423376e-19,1.9911185018322194e-19
0b11100010,320,2.727172991959634e-19,1.909526252031144e-19
0b11100010,200,2.594074143196522e-19,1.7892219728461733e-19
0b11100010,100,2.4775582624945177e-19,1.683527340633201e-19
0b00110111,8000,1.4192563860346435e-18,1.2034652950883094e-18
0b00110111,4000,7.501352326166244e-19,6.176544980301067e-19
0b00110111,2000,4.552116507555138e-19,3.5334499965707e-19
0b00110111,1000,3.341138722382118e-19,2.447105623177965e-19
0b00110111,500,2.790256238193016e-19,1.95303542160376e-19
0b00110111,400,2.682729540230376e-19,1.8563915397423605e-19
0b00110111,320,2.5933632719464603e-19,1.7756625819035917e-19
0b00110111,200,2.4585347956332975e-19,1.653644028508074e-19
0b00110111,100,2.338448304654579e-19,1.5443850816046086e-19
0b00001100,8000,1.3832624034686017e-18,1.1631737568196582e-18
0b00001100,4000,7.199250165513107e-19,5.834755042423728e-19
0b00001100,2000,4.2464510457214074e-19,3.1872586530530688e-19
0b00001100,1000,3.0015420226798606e-19,2.066567839210842e-19
0b00001100,500,2.4235975133893053e-19,1.5451037932145013e-19
0b00001100,400,2.3087419389120064e-19,1.4409528778767075e-19
0b00001100,320,2.2150618494077075e-19,1.3558531320975663e-19
0b00001100,200,2.0698446591432102e-19,1.2233342992869712e-19
0b00001100,100,1.938464312103489e-19,1.102652439720523e-19
0b00101011,8000,nan,nan
0b00101011,4000,nan,nan
0b00101011,2000,nan,nan
0b00101011,1000,nan,nan
0b00101011,500,nan,nan
0b00101011,400,nan,nan
0b00101011,320,nan,nan
0b00101011,200,nan,nan
0b00101011,100,nan,nan
0b00010011,8000,nan,nan
0b00010011,4000,nan,nan
0b00010011,2000,nan,nan
0b00010011,1000,nan,nan
0b00010011,500,nan,nan
0b00010011,400,nan,nan
0b00010011,320,nan,nan
0b00010011,200,nan,nan
0b00010011,100,nan,nan
0b10101111,8000,nan,nan
0b10101111,4000,nan,nan
0b10101111,2000,nan,nan
0b10101111,1000,nan,nan
0b10101111,500,nan,nan
0b10101111,400,nan,nan
0b10101111,320,nan,nan
0b10101111,200,nan,nan
0b10101111,100,nan,nan
0b10000111,8000,1.4171195298142804e-18,1.201416113232669e-18
0b10000111,4000,7.51056623195378e-19,6.186067951217365e-19
0b10000111,2000,4.562591479247895e-19,3.544158285615973e-19
0b10000111,1000,3.3578000107562024e-19,2.4641668421329124e-19
0b10000111,500,2.7965089361471096e-19,1.959585712405232e-19
0b10000111,400,2.6847940238664837e-19,1.8588191808466283e-19
0b10000111,320,2.593276078073882e-19,1.7759157767069141e-19
0b10000111,200,2.4569399942972556e-19,1.6523865066510765e-19
0b10000111,100,2.3384171368169133e-19,1.5446903464184928e-19
0b01100110,8000,nan,nan
0b01100110,4000,nan,nan
0b01100110,2000,nan,nan
0b01100110,1000,nan,nan
0b01100110,500,nan,nan
0b01100110,400,nan,nan
0b01100110,320,nan,nan
0b01100110,200,nan,nan
0b01100110,100,nan,nan
0b00001110,8000,nan,nan
0b00001110,4000,nan,nan
0b00001110,2000,nan,nan
0b00001110,1000,nan,nan
0b00001110,500,nan,nan
0b00001110,400,nan,nan
0b00001110,320,nan,nan
0b00001110,200,nan,nan
0b00001110,100,nan,nan
0b10111111,8000,nan,nan
0b10111111,4000,nan,nan
0b10111111,2000,nan,nan
0b10111111,1000,nan,nan
0b10111111,500,nan,nan
0b10111111,400,nan,nan
0b10111111,320,nan,nan
0b10111111,200,nan,nan
0b10111111,100,nan,nan
0b00010100,8000,1.4029365889250119e-18,1.1871285180706205e-18
0b00010100,4000,7.369425793795744e-19,6.045166277003379e-19
0b00010100,2000,4.463405616355824e-19,3.445046239577511e-19
0b00010100,1000,3.2521370214840974e-19,2.3584572594366863e-19
0b00010100,500,2.6789639228068186e-19,1.8420467509707876e-19
0b00010100,400,2.5628818977306916e-19,1.736871922420202e-19
0b00010100,320,2.4682528131156003e-19,1.65081472262667e-19
0b00010100,200,2.329262005062832e-19,1.5247119973371001e-19
0b00010100,100,2.206072697777416e-19,1.4123523094467827e-19
0b01111011,8000,nan,nan
0b01111011,4000,nan,nan
0b01111011,2000,nan,nan
0b01111011,1000,nan,nan
0b01111011,500,nan,nan
0b01111011,400,nan,nan
0b01111011,320,nan,nan
0b01111011,200,nan,nan
0b01111011,100,nan,nan
0b11011101,8000,1.458041734846239e-18,1.2423023062926649e-18
0b11011101,4000,7.835771571096833e-19,6.511119538912811e-19
0b11011101,2000,4.875940018110189e-19,3.857502735151992e-19
0b11011101,1000,3.6992408800110113e-19,2.8054593584311417e-19
0b11011101,500,3.1894844390431804e-19,2.3525234704891377e-19
0b11011101,400,3.090183698342317e-19,2.2640344845864284e-19
0b11011101,320,3.0083124665541463e-19,2.1908320068957833e-19
0b11011101,200,2.8852559667828415e-19,2.0805973415780302e-19
0b11011101,100,2.7793959798091724e-19,1.985591788991379e-19
0b01111000,8000,1.4389180335748392e-18,1.2190214131570666e-18
0b01111000,4000,7.652966112081683e-19,6.288569708991949e-19
0b01111000,2000,4.679130045531156e-19,3.6205151720460916e-19
0b01111000,1000,3.4620044549247023e-19,2.527571997122932e-19
0b01111000,500,2.922942662891305e-19,2.0448693838248924e-19
0b01111000,400,2.8161485431662334e-19,1.948920978925202e-19
0b01111000,320,2.7273997572528164e-19,1.8687157602755593e-19
0b01111000,200,2.594118223415645e-19,1.7481007188697111e-19
0b01111000,100,2.4799584339652503e-19,1.6446562611530083e-19
0b10101101,8000,nan,nan
0b10101101,4000,nan,nan
0b10101101,2000,nan,nan
0b10101101,1000,nan,nan
0b10101101,500,nan,nan
0b10101101,400,nan,nan
0b10101101,320,nan,nan
0b10101101,200,nan,nan
0b10101101,100,nan,nan
0b01010011,8000,1.4373089859317642e-18,1.2256351634958194e-18
0b01010011,4000,7.688765423619414e-19,6.40401120415945e-19
0b01010011,2000,4.776174465563834e-19,3.7977481534716494e-19
0b01010011,1000,3.6133535661259997e-19,2.760156802319138e-19
0b01010011,500,3.079150276855591e-19,2.283162086081148e-19
0b01010011,400,2.971351183005462e-19,2.18626927846415e-19
0b01010011,320,2.8832092809432892e-19,2.1068606507245565e-19
0b01010011,200,2.7561881406419193e-19,1.9927637770954401e-19
0b01010011,100,2.646828380947023e-19,1.8943846801178439e-19
0b00001100,8000,nan,nan
0b00001100,4000,nan,nan
0b00001100,2000,nan,nan
0b00001100,1000,nan,nan
0b00001100,500,nan,nan
0b00001100,400,nan,nan
0b00001100,320,nan,nan
0b00001100,200,nan,nan
0b00001100,100,nan,nan
0b01010111,8000,nan,nan
0b01010111,4000,nan,nan
0b01010111,2000,nan,nan
0b01010111,1000,nan,nan
0b01010111,500,nan,nan
0b01010111,400,nan,nan
0b01010111,320,nan,nan
0b01010111,200,nan,nan
0b01010111,100,nan,nan
0b00101110,8000,nan,nan
0b00101110,4000,nan,nan
0b00101110,2000,nan,nan
0b00101110,1000,nan,nan
0b00101110,500,nan,nan
0b00101110,400,nan,nan
0b00101110,320,nan,nan
0b00101110,200,nan,nan
0b00101110,100,nan,nan
0b10001101,8000,1.4185225447281599e-18,1.2068494328337876e-18
0b10001101,4000,7.534518790505443e-19,6.249438727453984e-19
0b10001101,2000,4.633682725633779e-19,3.655289289003986e-19
0b10001101,1000,3.4535533181823233e-19,2.600317788326045e-19
0b10001101,500,2.903227120728071e-19,2.1071628666261053e-19
0b10001101,400,2.7923849786222802e-19,2.007294716678992e-19
0b10001101,320,2.70183374386808e-19,1.9254636678192912e-19
0b10001101,200,2.57071412435924e-19,1.8072876528167896e-19
0b10001101,100,2.4560264428372504e-19,1.7035641389045738e-19
0b11000111,8000,1.4069123445273996e-18,1.1869297602619224e-18
0b11000111,4000,7.399165057558228e-19,6.034738110783823e-19
0b11000111,2000,4.426246751868032e-19,3.3673756706188243e-19
0b11000111,1000,3.1860116012542094e-19,2.2513858616585374e-19
0b11000111,500,2.6158483543020586e-19,1.7375472771378472e-19
0b11000111,400,2.503128443191006e-19,1.6356743915865307e-19
0b11000111,320,2.4110391326494125e-19,1.552109826279603e-19
0b11000111,200,2.2687572698341665e-19,1.422541569922081e-19
0b11000111,100,2.1435337133451893e-19,1.3080171259490608e-19
0b11011010,8000,1.440384175408954e-18,1.2287489354811915e-18
0b11011010,4000,7.713560158946976e-19,6.428847649664902e-19
0b11011010,2000,4.805163419237264e-19,3.8268840241141976e-19
0b11011010,1000,3.6303296450368424e-19,2.777288687548412e-19
0b11011010,500,3.092047380880385e-19,2.29609869157606e-19
0b11011010,400,2.982577872674659e-19,2.19764499012255e-19
0b11011010,320,2.893428041681785e-19,2.1171358715775833e-19
0b11011010,200,2.7655161297035562e-19,2.002217536171736e-19
0b11011010,100,2.656810228486662e-19,1.904481156557411e-19
